Timestamp,Open,High,Low,Close,Volume,Open Interest,AROON_Up,AROON_Dn,AROON_Sc,BOP,CCI,DC_upper,DC_middle,DC_lower,EMA,RSI,STOCH_k,STOCH_d,ICHIMOKU_a,ICHIMOKU_b,ICHIMOKU_base,ICHIMOKU_span,ICHIMOKU_CS,KAMA,BBANDS_upper,BBANDS_middle,BBANDS_lower,MACD,MACD_signal,MACD_diff,CMO,DPO,HMA,KC_upper,KC_middle,KC_lower,MOM,PPO,ROC,TRIMA,UO,WILLR,ATR,SMA,WMA,Z,AO,ERI_bull,ERI_bear,FISHER,FISHER_signal,High_next,Low_next
2024-07-26 00:00:00+05:30,24423.35,24861.15,24410.9,24834.85,0,0,,,,0.9139367018323153,,,,,,,,,,,,,23516.0,,,,,,,,,,,,,,,,,,,,,,,,,,,,,24426.15,24210.8
2024-07-25 00:00:00+05:30,24230.95,24426.15,24210.8,24406.1,0,0,,,,0.8133271418620666,,,,,,,,,,,,,23557.9,,,,,,,,,,,,,,,,,,,,,,,,,,,,,24504.25,24307.25
2024-07-24 00:00:00+05:30,24444.95,24504.25,24307.25,24413.5,0,0,,,,-0.1596446700507651,,,,,,,,,,,,,23465.6,,,,,,,,,,,,,,,,,,,,,,,,,,,,,24582.55,24074.2
2024-07-23 00:00:00+05:30,24568.9,24582.55,24074.2,24479.05,0,0,,,,-0.1767483033343217,,,,,,,,,,,,,23398.9,,,,,,,,,,,,,,,,,,,,,,,,,,,,,24595.2,24362.3
2024-07-22 00:00:00+05:30,24445.75,24595.2,24362.3,24509.25,0,0,,,,0.2726492056676668,,,,,,,,,,,,,23322.95,,24844.61699922643,24528.55,24212.48300077357,,,,,,,,,,,,,,,,,,,,,,,,,24854.8,24508.15
2024-07-19 00:00:00+05:30,24853.8,24854.8,24508.15,24530.9,0,0,,,,-0.9314870907255152,,,,,,,,,,,,,23264.85,,24568.086056436005,24467.76,24367.433943563992,,,,,,,,,,,,,,,,,,,,,,,,,24837.75,24504.45
2024-07-18 00:00:00+05:30,24543.8,24837.75,24504.45,24800.85,0,0,,,,0.7712271227122707,,,,,,,,,,,,,23259.2,,24812.887575313925,24546.71,24280.532424686073,,,,,,,,,,,,,,,,,,,,,,,,,24661.25,24587.65
2024-07-16 00:00:00+05:30,24615.9,24661.25,24587.65,24613.0,0,0,,,,-0.039402173913064026,,,,,,,,,,,,,23290.15,,24818.562645167072,24586.61,24354.65735483293,,,,,,,,,,,,,,,,,,,,,,,,,24635.05,24522.75
2024-07-15 00:00:00+05:30,24587.6,24635.05,24522.75,24586.7,0,0,,,,-0.008014247551182753,,,,,,,,,,,24467.675000000003,,22821.4,,24814.76175490495,24608.14,24401.51824509505,,,,,173.72999999999956,,,,,,,,,,,,,,,,,,0.0,,24592.2,24331.15
2024-07-12 00:00:00+05:30,24387.95,24592.2,24331.15,24502.15,0,0,,,,0.43746408733959413,,,,,24567.635000000002,,,,,,24464.5,,22620.35,0.0,24816.11962368639,24606.72,24397.32037631361,,,,,128.6974999999984,,,,,,,,,,,,24567.635000000002,24569.94818181818,,,,,-0.06974925302967412,0.0,24402.65,24193.75
2024-07-11 00:00:00+05:30,24396.55,24402.65,24193.75,24315.95,0,0,,,,-0.38583054092866437,,,,,24521.874090909092,,,,,,24464.5,,21884.5,2237.1964651975227,24879.157421762917,24563.730000000003,24248.30257823709,,,,,-30.637500000000728,,,,,-518.8999999999978,,-2.0894025935328697,24557.55555555555,,,,24515.745,24524.187272727275,,,,,-0.43103210813885073,-0.06974925302967412,24461.05,24141.8
2024-07-10 00:00:00+05:30,24459.85,24461.05,24141.8,24324.45,0,0,,,,-0.4241190289741513,,,,,24485.978801652895,,,,,,24464.5,,23263.9,2554.5823569409918,24721.44123304968,24468.45,24215.45876695032,,,,,12.472499999999854,24421.497474747477,,,,-81.64999999999782,,-0.33454751066330884,24556.706944444446,,,,24507.579999999998,24489.406363636364,,,,,-0.8731794475351422,-0.43103210813885073,24443.6,24331.9
2024-07-09 00:00:00+05:30,24351.0,24443.6,24331.9,24433.2,0,0,,,,0.7358997314234814,,,,,24476.38265589782,,,,,,24498.3,,22530.7,2682.6361296264695,24640.12035808859,24432.489999999998,24224.859641911407,,,,,168.28250000000116,24350.24863636364,,,,19.700000000000728,,0.08069305916808621,24546.59027777778,,,,24509.55,24475.88272727273,,,-75.62692307692487,-187.32692307692196,-1.0727142667394036,-0.8731794475351422,24344.6,24240.55
2024-07-08 00:00:00+05:30,24329.45,24344.6,24240.55,24320.55,0,0,,,,-0.08553580009612223,-92.24350527786262,,,,24448.04944573458,,,,,,24498.3,,22488.65,3213.187988595374,24530.178870920758,24379.260000000002,24228.341129079246,,,,,106.03999999999724,24306.00181818182,,,,-158.5,,-0.6474924476235802,24522.602777777778,,-68.6955969248366,,24493.7,24441.519090909092,,,-146.24450549450557,-250.29450549450485,-1.416939331053397,-1.0727142667394036,24363.0,24168.85
2024-07-05 00:00:00+05:30,24213.35,24363.0,24168.85,24323.85,0,0,0.0,21.42857142857143,0.0,0.5691475663147009,-90.25077993760462,,,,24425.46772832829,34.350388686593995,,,,,24489.775,,22704.7,3860.3105913098125,24433.403207069652,24343.6,24253.796792930345,,,,-31.299222626812014,157.53499999999985,24287.88898989899,,,,-185.40000000000146,,-0.7564490957495699,24486.502777777776,,-68.01819113502457,260.750252172128,24475.16,24410.637272727272,,,-103.98814756671709,-298.13814756671854,-1.8168702019763012,-1.416939331053397,24401.0,24281.0
2024-07-04 00:00:00+05:30,24369.95,24401.0,24281.0,24302.15,0,0,28.57142857142857,14.28571428571429,28.57142857142857,-0.564999999999994,-64.83549325625043,,,,24403.046323177692,33.48509115103275,30.829369305864077,,,,24401.525,,22888.15,4685.590179426443,24434.632374956574,24340.84,24247.047625043426,,,,-33.029817697934504,200.07749999999942,24281.070606060606,,,,-228.75,,-0.932497380854351,24444.205555555556,,-70.79810402254661,245.76668481369262,24452.285,24379.18090909091,,,-42.43984077147252,-162.43984077147252,-1.8374595877747573,-1.8168702019763012,24309.15,24207.1
2024-07-03 00:00:00+05:30,24291.75,24309.15,24207.1,24286.5,0,0,21.42857142857143,7.14285714285714,21.42857142857143,-0.05144536991670603,-86.57849846616512,,,,24381.856082599927,32.84253690293488,29.46024425655475,,,,24388.425,,22932.45,9098.587603533626,24436.7581639292,24333.25,24229.7418360708,,,,-34.31492619413022,237.18250000000262,24278.29328282828,,,,-514.3499999999985,,-2.0739208535191276,24406.459722222222,,-72.80297207276459,230.98507288109832,24400.85,24349.038181818185,,,-111.8698635184046,-213.9198635184075,-2.073088747331528,-1.8374595877747573,24236.35,24056.4
2024-07-02 00:00:00+05:30,24228.75,24236.35,24056.4,24123.85,0,0,14.28571428571429,100.0,14.28571428571429,-0.5829397054737602,-129.55020230668202,,,,24334.945885763573,27.035912279138753,21.615690065757878,27.301767876058904,,,24324.300000000003,,22957.1,12387.513477894043,24421.343456881976,24271.379999999997,24121.41654311802,,,,-45.92817544172249,130.58749999999782,24232.284292929293,,,,-489.15000000000146,,-1.9873644009263456,24368.87638888889,,-91.55185370741516,230.89681439741148,24351.935,24298.67454545455,,,-142.21702587292384,-322.16702587292093,-2.4072780369178797,-2.073088747331528,24164.0,23992.7
2024-07-01 00:00:00+05:30,23992.95,24164.0,23992.7,24141.95,0,0,7.14285714285714,100.0,7.14285714285714,0.8698190309398752,-124.8475172950188,,,,24299.85572471565,28.549820576404464,17.652516991419038,22.909483771243888,,,24226.875,,22967.65,14615.97740790064,24405.521454132457,24235.66,24065.798545867543,,,,-42.90035884719108,203.85000000000218,24177.471060606058,,,,-444.75,,-1.8089048143915205,24333.415277777778,,-82.68762324556313,225.1173881249806,24307.46,24260.495454545453,,,-180.7645936053632,-352.06459360536246,-2.7851383534714182,-2.4072780369178797,24174.0,23985.8
2024-06-28 00:00:00+05:30,24085.9,24174.0,23985.8,24010.6,0,0,0.0,100.0,0.0,-0.400106269925625,-129.90335682212717,24861.15,24423.475,23985.8,24247.263774767347,24.566305648534485,9.557164000199567,16.275123685792163,,,24223.425,,22597.8,16514.078092438176,24390.84582258204,24173.010000000002,23955.174177417965,,,,-50.867388702931024,122.14999999999782,24098.529747474746,24915.501578947365,24412.969999999998,23910.43842105263,-491.5500000000029,,-2.006150480672116,24297.468055555557,,-97.089031046423,221.626490252709,24258.305,24206.520909090912,,,-123.02679451888253,-311.22679451888325,-3.1508754312006224,-2.7851383534714182,24087.45,23805.4
2024-06-27 00:00:00+05:30,23881.55,24087.45,23805.4,24044.5,0,0,0.0,100.0,0.0,0.5777344442474779,-155.62152334725863,24854.8,24330.1,23805.4,24210.397633900553,27.38247528331753,16.053494741759096,14.421058577792566,,,24124.5,,22529.05,17332.285476283534,24313.055641457864,24121.48,23929.904358542135,,,,-45.235049433364935,209.02999999999884,24035.09015151515,24886.272857142852,24377.877619047616,23869.48238095238,-271.4500000000007,,-1.1163454440398204,24261.0625,,-72.06286148273658,227.21094553328183,24231.16,24167.64727272727,,,-173.5015381590456,-455.55153815904487,-3.5388593734825067,-3.1508754312006224,23889.9,23670.45
2024-06-26 00:00:00+05:30,23723.1,23889.9,23670.45,23868.8,0,0,0.0,100.0,0.0,0.6639325586694019,-180.5044966880637,24854.8,24262.625,23670.45,24148.28897319136,22.66053635874648,17.137011703079878,14.249223481679513,,,24035.725,,22502.0,18455.809928372255,24233.07576197097,24037.94,23842.804238029028,,,,-54.67892728250703,92.03000000000247,23952.19449494949,24860.618299319725,24329.394036281177,23798.16977324263,-455.65000000000146,,-1.8732180994842698,24218.175,,-79.43707236160078,240.5030439009906,24185.595,24101.763636363637,,,-315.02988985061165,-534.4798898506124,-3.9363310551821997,-3.5388593734825067,23754.15,23562.05
2024-06-25 00:00:00+05:30,23577.1,23754.15,23562.05,23721.3,0,0,0.0,100.0,0.0,0.7506507027589749,-180.25421329958937,24854.8,24208.425,23562.05,24070.654614429295,19.60419646948915,21.31965996869577,18.170055471178248,,,23981.525,,22466.1,20262.086541224533,24251.461995537884,23957.43,23663.398004462117,,,,-60.791607061021686,-3.9500000000007276,23846.866616161613,24810.54036605118,24271.480318540114,23732.42027102905,-711.9000000000015,,-2.913658464711955,24160.405555555557,,-84.54108624957533,246.3874696528975,24114.405,24017.346363636363,,,-381.68990558624137,-573.7899055862435,-4.337465407209441,-3.9363310551821997,23558.1,23350.0
2024-06-24 00:00:00+05:30,23382.3,23558.1,23350.0,23537.85,0,0,0.0,100.0,0.0,0.7474771744353693,-191.6468196188009,24854.8,24102.4,23350.0,23973.781048169425,16.604556546271514,17.643090432489583,18.699920701421746,,,23875.5,,22403.85,21410.566105077523,24212.993742475664,23836.609999999997,23460.22625752433,,,,-66.79088690745698,-112.27750000000378,23700.100404040404,24760.055569284403,24201.610764393437,23643.165959502472,-782.7000000000007,,-3.2182660342796554,24091.93055555556,,-83.09257009135514,257.2931734879773,24036.135000000002,23912.51818181818,,,-492.31277621678237,-700.4127762167809,-4.739713182697313,-4.337465407209441,23667.1,23398.2
2024-06-21 00:00:00+05:30,23661.15,23667.1,23398.2,23501.1,0,0,7.14285714285714,92.85714285714286,7.14285714285714,-0.5952026775753224,-138.90371817813116,24854.8,24102.4,23350.0,23887.839039411345,16.073956624506444,15.322030548402884,18.09492698319608,,,23829.575,,22200.55,22160.88533771984,24142.099044526218,23734.71,23327.32095547378,,,,-67.85208675098711,-64.9375,23557.493333333336,24691.374086495412,24134.895453498826,23578.41682050224,-822.75,,-3.3824826250778557,24013.744444444445,,-86.40025201386088,258.2906887886733,23953.859999999997,23815.23909090909,,,-304.83952247152774,-573.7395224715256,-4.011451774968307,-4.739713182697313,23624.0,23442.6
2024-06-20 00:00:00+05:30,23586.15,23624.0,23442.6,23567.0,0,0,0.0,85.71428571428572,0.0,-0.10556780595370067,-107.83319808699055,24837.75,24093.875,23350.0,23829.504668609283,20.951977605989974,16.78329972742495,16.58280690277247,,,23793.175,24105.575,22217.85,22541.729919220896,23913.454915358485,23639.21,23364.965084641513,-361.943155416986,,,-58.09604478802006,121.0625,23465.479040404043,24618.843221114897,24080.810172213223,23542.77712331155,-735.1500000000015,-1.2269852942362052,-3.0250409943153236,23931.845833333336,,-80.15727871250911,251.77707548478335,23880.344999999998,23744.900909090906,,,-290.0910192613119,-471.49101926131334,-3.3640595918174467,-4.011451774968307,23664.0,23412.9
2024-06-19 00:00:00+05:30,23629.85,23664.0,23412.9,23516.0,0,0,0.0,78.57142857142857,0.0,-0.4534050179211438,-92.55783416367382,24661.25,24005.625,23350.0,23772.50381977123,19.983928842964602,16.41231690662389,16.172549060817243,,,23762.0,24102.4,22104.05,22810.84497941651,23727.61769483131,23568.65,23409.68230516869,-364.81214619000457,,,-60.0321423140708,113.05999999999767,23422.642777777783,24561.639104818245,24027.01872724054,23492.39834966283,-770.5,-1.298137107636145,-3.1725444176806046,23843.026388888888,,-84.20551855375832,251.72047057595236,23803.295,23678.65636363636,,,-193.2208736525572,-444.32087365255575,-2.863512874155357,-3.3640595918174467,23579.05,23499.7
2024-06-18 00:00:00+05:30,23570.8,23579.05,23499.7,23557.9,0,0,14.28571428571429,71.42857142857143,14.28571428571429,-0.16257088846878454,-76.40646845576155,24635.05,23992.525,23350.0,23733.484943449188,23.126446317241513,18.47278784432384,17.222801492790893,,,23762.0,24102.4,22055.2,22961.684985610565,23585.46374101822,23535.969999999998,23486.476258981776,-359.5600774658451,,,-53.74710736551698,235.52250000000276,23429.158181818184,24481.159190073646,23982.340753217628,23483.52231636161,-565.9499999999971,-1.4215354631279145,-2.3460185666881412,23757.608333333334,52.23834458678564,-80.21883920076104,237.48325985082548,23746.7,23634.03909090909,,,-235.4107488450536,-314.76074884505215,-2.5158838789105515,-2.863512874155357,23490.4,23334.25
2024-06-14 00:00:00+05:30,23464.95,23490.4,23334.25,23465.6,0,0,7.14285714285714,100.0,7.14285714285714,0.0041626641050131995,-90.87229754018388,24592.2,23963.225,23334.25,23684.778590094786,21.15541141391558,15.962914261500297,16.94933967081601,,,23710.85,24094.525,21957.5,23082.112911071075,23596.17348216914,23521.52,23446.866517830862,-358.710621029928,,,-57.68917717216883,219.3199999999997,23441.090353535354,24427.03926720949,23933.127348149283,23439.215429089076,-676.3500000000022,-1.556092617239286,-2.8015549696689876,23680.787500000002,51.8699140465497,-87.68689946097975,236.3532993524055,23679.065,23582.930000000004,,,-274.2234990100442,-430.37349901004563,-2.5608329322393115,-2.5158838789105515,23481.05,23353.9
2024-06-13 00:00:00+05:30,23480.95,23481.05,23353.9,23398.9,0,0,0.0,92.85714285714286,0.0,-0.645300825796309,-85.26604006514448,24461.05,23897.65,23334.25,23632.800664623006,19.83950483865391,12.908570239227629,15.781424115017254,,,23612.075,24094.525,22302.5,23153.894744728015,23625.967623085624,23501.079999999998,23376.192376914372,-359.2780198789369,,,-60.32099032269219,219.61000000000058,23433.326919191913,24353.340289380016,23882.248553087447,23411.15681679488,-611.6999999999971,-1.6371047847811855,-2.5476247990470755,23616.384722222225,51.464914465420826,-93.36855062057633,227.5236561657181,23617.895,23531.99090909091,-1.7369289675870236,,-231.32728486575797,-358.4772848657558,-2.7453769097649268,-2.5608329322393115,23441.95,23295.95
2024-06-12 00:00:00+05:30,23344.45,23441.95,23295.95,23322.95,0,0,0.0,100.0,0.0,-0.14726027397260275,-92.94731793628206,24461.05,23878.5,23295.95,23576.464180146097,18.43346631868193,7.271889530449695,12.047791343725875,,,23525.050000000003,24075.375,22302.5,23201.048995462137,23619.527688612434,23452.27,23285.012311387567,-361.68691618652156,,,-63.13306736263615,192.69250000000102,23391.193535353526,24283.017404677157,23828.982024221976,23374.946643766794,-721.5499999999993,-1.7343057035608165,-3.0008941753831406,23564.834722222222,48.530592500024106,-97.12888132709485,220.99360881725352,23545.739999999998,23478.364545454548,-1.7745043706689019,,-214.79481559921987,-360.7948155992199,-3.0466221529967688,-2.7453769097649268,23389.45,23206.65
2024-06-11 00:00:00+05:30,23283.75,23389.45,23206.65,23264.85,0,0,0.0,100.0,0.0,-0.1033916849015401,-104.33448826582654,24443.6,23825.125,23206.65,23519.807056483165,17.41660233877245,5.173001569724854,8.451153779800727,,,23436.875,24022.2,22442.7,23217.530479377583,23608.763771250364,23402.04,23195.316228749638,-364.0871977245224,,,-65.16679532245512,174.03499999999985,23327.41207070707,24220.86812804124,23775.255164772265,23329.64220150329,-603.9500000000007,-1.7938869096995422,-2.530290588550747,23517.213888888888,48.03638914826001,-93.98356334315427,217.9606001948734,23485.344999999998,23427.29363636364,-1.7354242382184475,,-211.30984194218763,-394.1098419421869,-3.4032514382416337,-3.0466221529967688,23411.9,23227.15
2024-06-10 00:00:00+05:30,23319.15,23411.9,23227.15,23259.2,0,0,7.14285714285714,92.85714285714286,7.14285714285714,-0.32449255751015277,-99.03118738027746,24401.0,23803.825,23206.65,23472.423955304406,17.31656214401247,4.773307368320484,5.739399489498344,,,23436.875,23933.95,22475.85,23226.936186742365,23501.51051472804,23342.3,23183.089485271958,-362.26933057938004,,,-65.36687571197507,197.42249999999694,23264.877626262623,24164.47116346588,23726.107053841573,23287.742944217265,-462.09999999999854,-1.8240147454711122,-1.9480382609722002,23477.14027777778,42.217969813493006,-94.56763322478943,215.34418578544614,23439.135000000002,23386.17636363636,-1.6028447692856373,,-140.0655788075892,-324.8155788075892,-3.233672262965597,-3.4032514382416337,23320.2,22789.05
2024-06-07 00:00:00+05:30,22821.85,23320.2,22789.05,23290.15,0,0,0.0,100.0,0.0,0.8816718441118359,-154.83979400115038,24401.0,23595.025,22789.05,23439.28323615815,20.026468331309008,16.680819053240413,8.875709330428583,,,23226.525,23712.05,22648.2,23234.614012294478,23409.3674353631,23307.21,23205.0525646369,-354.2477044049265,-360.7327965418946,6.485092136968092,-59.94706333738198,255.0450000000019,23230.68929292929,24182.373909802467,23684.58733442809,23186.800759053716,-247.6999999999971,-1.8167715532882056,-1.0523476018412774,23438.26527777778,56.938562194842675,-61.40634627233506,240.04253010973216,23414.364999999998,23359.088181818184,-1.424514679616283,-722.6301470588223,-194.36335326365224,-725.5133532636537,-3.3567675649127455,-3.233672262965597,22910.15,22642.6
2024-06-06 00:00:00+05:30,22798.6,22910.15,22642.6,22821.4,0,0,0.0,100.0,0.0,0.08521771631471749,-239.118016419541,24401.0,23521.8,22642.6,23326.94082958394,13.050251999263788,19.453661341360505,13.635929254307134,,,23153.3,23617.4,22604.85,23134.54977439252,23564.74965151168,23191.71,22818.67034848832,-381.3191060699028,-364.8500584474962,-16.46904762240655,-73.89949600147243,-165.24499999999534,23111.080808080806,24176.100204106995,23602.379016863513,23028.65782962003,-679.6999999999971,-1.8517435918719882,-2.892205045721252,23388.598611111112,48.54526703963035,-85.665036478794,271.69803387677536,23346.395,23251.276363636363,-2.128136838852635,-796.1545588235276,-505.390017083133,-772.9400170831359,-3.6236122467643916,-3.3567675649127455,22670.4,21791.95
2024-06-05 00:00:00+05:30,22128.35,22670.4,21791.95,22620.35,0,0,0.0,100.0,0.0,0.5600774090727982,-262.8014475779161,24309.15,23050.550000000003,21791.95,23198.469769659583,11.241470251287742,31.715511970532116,22.61666412171101,,,22685.5,23126.5,22643.4,22957.764322135,23605.76889393661,23051.190000000002,22496.611106063396,-414.22155345903957,-374.72435744980487,-39.4971960092347,-77.51705949742451,-316.94750000000204,22913.331313131315,24224.019232287283,23508.85244382889,22793.6856553705,-946.6500000000015,-1.8745774552331596,-4.016845589171305,23321.165277777778,57.5035539246257,-57.78208133727462,330.1950716659467,23251.730000000003,23119.26818181818,-2.2260551294731052,-962.3183823529362,-631.5414432141151,-1509.9914432141159,-3.96063399287188,-3.6236122467643916,23179.5,21281.45
2024-06-04 00:00:00+05:30,23179.5,23179.5,21281.45,21884.5,0,0,0.0,100.0,0.0,-0.6822791812649828,-210.91300686617524,24236.35,22758.9,21281.45,22959.56617517602,7.269880145244105,27.277036081305017,26.14873646439921,,,22385.925000000003,22871.25,22419.95,22548.78615644638,23802.30602911057,22775.120000000003,21747.933970889437,-493.97963556210743,-398.5754130722654,-95.40422248984203,-85.46023970951177,-1000.0025000000023,22529.751868686868,24362.741210164684,23354.152211083285,22345.563212001885,-1631.5,-2.056191633852204,-6.937829562850825,23218.723611111112,48.766160745324086,-74.72177394001636,450.53623061156395,23088.58,22870.680909090912,-2.952235905557874,-1111.8547058823497,80.05019153075773,-1817.9998084692415,-4.33162269515957,-3.96063399287188,23338.7,23062.3
2024-06-03 00:00:00+05:30,23337.9,23338.7,23062.3,23263.9,0,0,7.14285714285714,92.85714285714286,7.14285714285714,-0.26772793053545446,7.965630352350988,24174.0,22727.725,21281.45,23014.89959787129,45.87395814478674,50.198363500895084,36.39697051757741,,,22381.25,22862.525,22570.35,22559.31745351579,23805.0233412323,22776.06,21747.096658767703,-440.8011570324634,-407.020561864305,-33.78059516815836,-8.252083710426518,429.3725000000013,22458.85525252525,24535.08014252995,23345.556762408683,22156.033382287416,-294.0,-1.993957036223959,-1.2479889973214928,23124.64861111111,59.17034245714982,-16.90105422002378,527.1645563204604,23059.18,22902.557272727274,-0.7318958440030457,-1102.4869117647067,215.75730702636065,-60.642692973640806,-2.6487532846801862,-4.33162269515957,22653.75,22465.1
2024-05-31 00:00:00+05:30,22568.1,22653.75,22465.1,22530.7,0,0,0.0,85.71428571428572,0.0,-0.19825072886296066,-99.73253237753937,24174.0,22727.725,21281.45,22926.863307349235,37.045830291337566,53.60349636136302,43.69296531452104,,,22361.7,22841.225,22402.4,22558.001832226346,23520.391886811478,22624.170000000002,21727.948113188526,-452.6026207823743,-416.1369736479189,-36.46564713445537,-25.908339417324864,-254.07500000000073,22434.903535353533,24496.33917657472,23267.951356465,22039.563536355283,-934.8999999999978,-2.0381196784555016,-3.984129960452739,23017.470833333336,54.27850011386096,-47.566682755870794,547.8020058260721,22965.690000000002,22806.47,-1.7599306019858147,-1145.0761764705894,-384.5865939774085,-573.2365939774099,-1.7964337143327231,-2.6487532846801862,22705.75,22417.0
2024-05-30 00:00:00+05:30,22617.45,22705.75,22417.0,22488.65,0,0,7.14285714285714,78.57142857142857,7.14285714285714,-0.44606060606060355,-82.47819323431233,24087.45,22684.45,21281.45,22847.188160558464,36.61068084734965,62.06688817556574,55.289582679274616,,,22346.675000000003,22841.225,22368.0,22554.901785230588,23434.586851368924,22557.620000000003,21680.65314863108,-460.0453331701101,-424.9186455523572,-35.12668761775291,-26.7786383053007,-240.00500000000102,22459.598282828287,24360.130683567604,23193.73217965881,22027.33367575002,-910.25,-2.1237010976354886,-3.8901401347926607,22895.466666666664,53.60392005218102,-49.331598497408194,528.2096519320957,22874.665,22719.735454545455,-1.6857113598909572,-1125.7202941176474,-254.05993769492488,-542.8099376949249,-1.35098270526239,-1.7964337143327231,22825.5,22685.45
2024-05-29 00:00:00+05:30,22762.75,22825.5,22685.45,22704.7,0,0,0.0,71.42857142857143,0.0,-0.4144948232773979,-40.74023871125551,23889.9,22585.675000000003,21281.45,22821.281222275105,40.47916706606617,55.01559728883274,56.895327275253834,,,22346.675000000003,22841.225,22336.4,22558.76958853724,23458.848778776985,22574.489999999998,21690.13122122301,-443.3990783950285,-428.61473212089146,-14.784346274137022,-19.041665867867668,28.395000000000437,22511.624595959598,24266.632523227832,23147.157686357972,22027.682849488112,-618.25,-2.1341946162776733,-2.650822473143406,22788.115277777775,52.25519838854221,-38.05492688022281,513.797501837597,22812.840000000004,22688.83272727273,-1.2627189435321524,-964.5183823529405,-97.86566088136533,-237.9156608813646,-0.980650278290913,-1.35098270526239,22998.55,22858.5
2024-05-28 00:00:00+05:30,22977.15,22998.55,22858.5,22888.15,0,0,0.0,64.28571428571428,0.0,-0.6354873259550193,-4.332324732601163,23754.15,22517.800000000003,21281.45,22833.43918186145,43.62516463229256,61.783129958740886,59.62187180771312,,,22310.075,22795.300000000003,22147.0,22563.613971438706,23339.806073508666,22775.22,22210.633926491337,-410.6699719086282,-425.02578007843886,14.355808169810643,-12.74967073541488,269.6025000000009,22651.714898989896,24191.319901968036,23122.490287657212,22053.66067334639,-376.6999999999971,-2.088533933714146,-1.6191808672740082,22709.829166666666,54.11974244104132,-27.264084746146356,497.29639465020085,22775.170000000002,22702.525454545455,-0.9195099303769276,-775.0282352941176,80.21514781596852,-59.83485218403075,-0.5437641640396992,-0.980650278290913,23110.8,22871.2
2024-05-27 00:00:00+05:30,23038.95,23110.8,22871.2,22932.45,0,0,0.0,57.14285714285714,0.0,-0.4444908180300528,13.01615230486638,23667.1,22474.275,21281.45,22851.441148795733,44.38955715346628,69.91336334282575,62.237363530133116,,,22310.075,22758.9,21995.85,22568.346759672604,23069.36096759286,22708.93,22348.49903240714,-376.8136067479609,-415.38334541234326,38.569738664382385,-11.22088569306744,375.65000000000146,22776.457373737372,24117.06562559013,23104.39121264224,22091.71679969435,-326.75,-2.009342047705854,-1.4048204581412946,22700.60972222222,50.1047981184247,-24.940898345153617,478.0324961813962,22742.495000000003,22731.12181818182,-0.7960885971278578,-770.2252941176448,190.44869812797333,-49.151301872025215,-0.11901518328586433,-0.5437641640396992,23026.4,22908.0
2024-05-24 00:00:00+05:30,22930.75,23026.4,22908.0,22957.1,0,0,0.0,50.0,0.0,0.22255067567566064,19.44801571407831,23667.1,22474.275,21281.45,22870.65184901469,44.83775621892363,75.11781748534231,68.93810359563632,,,22310.075,22727.725,22147.9,22573.425169558843,23147.307297638956,22794.210000000003,22441.11270236105,-344.02741060501285,-401.1121584508772,57.08474784586434,-10.324487562152752,443.494999999999,22897.64803030303,24029.145089819638,23090.363478104882,22151.581866390126,-333.0500000000029,-1.9305220957603035,-1.4300036710798465,22682.894444444446,55.20322408232661,-22.44156445267309,451.23755291678253,22709.19,22770.140909090907,-0.703945616431081,-644.7151470588251,100.79888410969215,-17.601115890309302,0.2204807546255329,-0.11901518328586433,22993.6,22577.45
2024-05-23 00:00:00+05:30,22614.1,22993.6,22577.45,22967.65,0,0,0.0,42.85714285714286,0.0,0.8495734711041806,2.0076989760282205,23664.0,22472.725,21281.45,22888.287876466562,45.041914222457855,77.25504504249807,74.09540862355537,,,22310.075,22727.725,22272.5,22576.560486523897,23083.242392729422,22890.010000000002,22696.777607270582,-313.5780841613305,-383.60534359296787,70.02725943163739,-9.91617155508429,469.9375,22986.811464646464,24007.316986027294,23078.676480190134,22150.035974352973,146.25,-1.8443520492332497,0.6408458727334869,22697.55277777778,47.118416256448384,-20.852402074679055,448.6313253207318,22723.815000000002,22817.133636363636,-0.6354656592836383,-555.3947058823505,61.991900665449066,-354.15809933454875,0.34494973601191437,0.2204807546255329,22629.5,22483.15
2024-05-22 00:00:00+05:30,22576.6,22629.5,22483.15,22597.8,0,0,7.14285714285714,35.71428571428571,7.14285714285714,0.14485821660403783,-54.67116276413943,23664.0,22472.725,21281.45,22835.471898927186,39.5198927513908,72.83114975894019,75.06800409559352,,,22877.85,22684.45,22519.4,22576.65912419523,23144.941147802503,22868.63,22592.3188521975,-315.6519385526226,-370.0146625848988,54.36272403227622,-20.960214497218406,79.1875,22944.813282828272,23965.36298735803,23032.878720172026,22100.394452986024,-22.549999999999272,-1.8631815627970485,-0.09968899685459895,22737.50694444445,51.372428178488576,-38.21258419582726,451.2880033672463,22721.56,22794.22181818182,-1.1959484018445998,-543.8982352941202,-254.42122800104335,-400.7712280010419,-0.004933363238872057,0.34494973601191437,22591.1,22404.55
2024-05-21 00:00:00+05:30,22404.55,22591.1,22404.55,22529.05,0,0,0.0,28.57142857142857,0.0,0.6673813990887187,-59.53840419946104,23579.05,22430.25,21281.45,22779.75882639497,38.57322205929217,67.19302580224421,72.42640686789416,,,22757.675,22585.675000000003,22753.8,22574.925100188673,23181.078444710118,22796.809999999998,22412.541555289878,-319.16391064206255,-359.8445121963316,40.68060155426906,-22.853555881415662,51.49750000000131,22803.261565656565,23865.380798085836,22984.895032536595,22104.409266987353,644.5499999999993,-1.7209918650985332,2.9452352121364402,22775.823611111115,54.37344589009423,-39.35593632276104,432.22624284253294,22786.015,22759.219999999998,-1.2491777939463347,-574.4522058823532,-242.12533828661253,-428.6753382866118,-0.48420162561748914,-0.004933363238872057,22520.25,22470.05
2024-05-18 00:00:00+05:30,22512.85,22520.25,22470.05,22502.0,0,0,28.57142857142857,21.42857142857143,28.57142857142857,-0.21613545816729857,-52.83977974751503,23490.4,22385.925000000003,21281.45,22729.257221595883,38.18564103099898,60.586893695164925,66.8703564187831,,,22757.675,22517.800000000003,22642.75,22566.922636059844,23126.44595107827,22710.72,22294.994048921733,-320.43609492134783,-351.9628287413349,31.526733819987044,-23.62871793800204,27.18999999999869,22638.367020202015,23746.773103030042,22938.905029437872,22131.036955845702,-761.9000000000015,-1.5395749984866003,-3.2750312716268613,22795.975000000002,52.71666011324954,-40.67079839591692,404.7225078712725,22709.825,22707.58090909091,-1.2261377026934477,-620.7567647058822,-265.6574328170973,-315.857432817098,-0.9833734366705857,-0.48420162561748914,22502.15,22345.65
2024-05-17 00:00:00+05:30,22415.25,22502.15,22345.65,22466.1,0,0,21.42857142857143,14.28571428571429,21.42857142857143,0.3249201277955179,-60.84177985117326,23481.05,22381.25,21281.45,22681.410454032994,37.64501625520425,59.18580629481096,62.3219085974067,,,22728.225,22474.275,22666.3,22565.86222357035,22977.983785346678,22612.519999999997,22247.056214653316,-320.6449447706873,-345.69925194720537,25.05430717651808,-24.7099674895915,-16.6875,22498.78606060606,23654.613759884323,22893.875979015218,22133.138198146113,-64.60000000000218,-1.122067757712821,-0.28671989773953843,22774.0625,53.71053423427205,-42.41584639688916,386.47183676370076,22703.364999999998,22663.267272727277,-1.2282687090253792,-675.2395588235304,-238.070656700369,-394.570656700369,-1.4693256552861325,-0.9833734366705857,22432.25,22054.55
2024-05-16 00:00:00+05:30,22319.2,22432.25,22054.55,22403.85,0,0,14.28571428571429,7.14285714285714,14.28571428571429,0.2241196716971079,-96.76348723152525,23441.95,22361.7,21281.45,22630.944916936085,36.67539908386772,57.15720824725556,58.976636079077146,,,22582.675,22474.275,22513.7,22563.77577689781,22628.776237737424,22499.76,22370.743762262573,-322.12031209115594,-340.9834639759955,18.863151884839567,-26.649201832264552,-73.94499999999971,22392.719090909086,23613.883877990582,22847.206838156628,22080.529798322674,-84.80000000000291,-1.2464457412019139,-0.37707910434820635,22745.30416666667,59.39488486454918,-45.441730465427256,388.3118616467831,22694.885000000002,22608.81,-1.274806743003846,-721.9704411764724,-259.91770574317707,-637.6177057431778,-1.9353633021986993,-1.4693256552861325,22297.55,22151.75
2024-05-15 00:00:00+05:30,22255.6,22297.55,22151.75,22200.55,0,0,7.14285714285714,0.0,7.14285714285714,-0.37757201646090227,-123.52215169583825,23411.9,22346.675000000003,21281.45,22552.69129567498,33.62898281163424,41.1706038163393,52.50453945280194,,,22582.675,22472.725,22514.65,22516.901816558395,22655.528633615442,22420.309999999998,22185.091366384553,-335.823003728663,-339.951371926529,4.128368197865996,-32.742034376731525,-265.00750000000335,22289.908888888884,23527.29969913433,22785.6204726179,22043.941246101465,-504.15000000000146,-1.1508775577665653,-2.2204653662017177,22683.100000000002,58.41949204929507,-88.63061168866567,378.3371609430225,22644.469999999998,22518.930909090912,-1.5839630797714408,-728.4973529411764,-324.3866049227254,-470.18660492272465,-2.3833493433223687,-1.9353633021986993,22270.05,22081.25
2024-05-14 00:00:00+05:30,22112.9,22270.05,22081.25,22217.85,0,0,0.0,85.71428571428572,0.0,0.5558792372881223,-124.68327491070404,23411.9,22346.675000000003,21281.45,22491.81106009771,34.130392683736645,27.12933762516427,41.81904989625304,23949.375,,22540.475,22472.725,22434.65,22432.350542882206,22609.396612995744,22358.07,22106.743387004255,-341.35163103749437,-340.23142374872214,-1.1202072887722352,-31.739214632526703,-222.08250000000407,22210.5651010101,23438.552108740587,22731.547094273337,22024.542079806088,-670.3000000000029,-1.0251496374982525,-2.9285896850553796,22607.309722222224,51.2173492808704,-84.53964497041427,364.48243408946087,22577.44,22441.363636363636,-1.463797139716893,-734.9698529411799,-294.1599470766232,-482.9599470766225,-2.8172119236671533,-2.3833493433223687,22131.65,21821.05
2024-05-13 00:00:00+05:30,22027.95,22131.65,21821.05,22104.05,0,0,28.57142857142857,100.0,28.57142857142857,0.24500965872504188,-145.79473030814242,23338.7,22310.075,21281.45,22421.309049170854,32.39660940975949,16.25732673617669,28.18575605922675,23932.2,,22407.324999999997,22430.25,22453.3,22314.58367874949,22548.43378567434,22278.48,22008.52621432566,-350.871192250539,-342.3593774490855,-8.51181480145351,-35.20678118048101,-316.54499999999825,22131.526161616155,23387.037622193864,22671.785466247304,21956.533310300743,-828.4000000000015,-1.0089396264249444,-3.6123484407466337,22524.593055555553,61.76734212148043,-78.05776313239001,366.8408367687935,22494.6,22355.29272727273,-1.5819351315225272,-776.9063235294125,-366.82281177996265,-677.4228117799648,-3.2407323721848558,-2.8172119236671533,22131.3,21950.3
2024-05-10 00:00:00+05:30,21990.95,22131.3,21950.3,22055.2,0,0,21.42857142857143,92.85714285714286,21.42857142857143,0.35497237569060774,-114.65703057239699,23338.7,22310.075,21281.45,22354.743767503427,31.65328348377218,18.519091012317205,20.63525179121939,23932.2,,22225.275,22385.925000000003,22462.0,22211.09700940043,22436.26456405041,22196.3,21956.33543594959,-358.2278719217247,-345.5330763436134,-12.694795578111325,-36.69343303245564,-337.1324999999997,22059.718686868688,23294.672134365876,22613.063040890418,21931.45394741496,-901.8999999999978,-1.062596559927026,-3.928632100744423,22440.191666666666,62.06805464794176,-81.84531886024412,353.2998908934082,22404.41,22275.401818181817,-1.558208251663043,-793.5527941176479,-303.84812438282825,-484.84812438282825,-3.057798987150646,-3.2407323721848558,22307.75,21932.4
2024-05-09 00:00:00+05:30,22224.8,22307.75,21932.4,21957.5,0,0,14.28571428571429,85.71428571428572,14.28571428571429,-0.7121353403490084,-93.6742608862284,23338.7,22310.075,21281.45,22282.51762795735,30.162672822747282,16.892162563804415,17.222860104099436,23902.6875,,22206.074999999997,22381.25,22326.9,22105.0293528361,22299.033152057196,22107.03,21915.0268479428,-367.70301557382845,-349.9670641896564,-17.73595138417204,-39.674654354505435,-423.3425000000025,21983.880101010105,23238.81764537865,22550.628465567523,21862.439285756394,-1010.1500000000015,-1.167801037108835,-4.398142604924759,22354.61666666667,54.050899311130344,-89.42043031595264,354.904229433092,22303.395,22194.145454545454,-1.6203923006387553,-764.5016176470563,-59.16267804242307,-434.5126780424216,-2.493961338201276,-3.057798987150646,22368.65,22185.2
2024-05-08 00:00:00+05:30,22231.2,22368.65,22185.2,22302.5,0,0,7.14285714285714,78.57142857142857,7.14285714285714,0.3886617606977323,-34.783475990134896,23338.7,22310.075,21281.45,22286.150786510556,40.769801938987754,22.021063513600904,19.144105696574176,23853.300000000003,,22170.65,22361.7,22123.65,22116.296023727504,22369.84983809734,22127.420000000002,21884.990161902664,-343.41484589301035,-348.65662053032725,5.241774637316894,-18.460396122024473,-68.70999999999913,22011.643181818185,23227.958822009256,22526.99718313252,21826.035544255785,-295.2999999999993,-1.224671881269562,-1.306764375293167,22281.594444444443,57.12172580569835,-62.67106028300052,358.99116542493346,22273.864999999998,22193.982727272723,-0.8924606341149226,-709.8333823529465,10.93913310649441,-172.51086689350632,-1.7289146204036383,-2.493961338201276,22499.05,22232.05
2024-05-07 00:00:00+05:30,22489.75,22499.05,22232.05,22302.5,0,0,0.0,71.42857142857143,0.0,-0.701310861423221,-9.92817506169555,23338.7,22579.875,21821.05,22289.123370781363,40.76980193898777,29.283754872458008,22.732326983287777,23800.2125,,22161.6,22346.675000000003,22004.7,22124.347272149254,22419.315568753438,22144.35,21869.38443124656,-320.47209362577996,-343.01971514941783,22.547621523637872,-18.46039612202447,-50.95999999999913,22097.90141414142,23190.677029436945,22505.61649902466,21820.555968612378,-226.54999999999927,-1.298407393292664,-1.0055905597439718,22232.712499999998,51.61146871008436,-60.0572447836728,352.3151289627974,22251.21,22199.18909090909,-0.8372596076388401,-633.8372058823516,149.22639980556414,-117.77360019443586,-0.9205847049409068,-1.7289146204036383,22588.8,22409.45
2024-05-06 00:00:00+05:30,22561.6,22588.8,22409.45,22442.7,0,0,0.0,64.28571428571428,0.0,-0.6629495400055689,49.8999662223598,23110.8,22465.925,21821.05,22317.046394275658,44.726436970723384,43.429541282979365,31.578119889679424,23729.5375,,22204.925,22346.675000000003,22096.75,22127.408874765657,22568.68560623735,22212.08,21855.47439376265,-287.6608536030144,-331.94794284013716,44.28708923712276,-10.547126058553236,112.75249999999869,22238.860454545455,23173.974455204858,22499.624451498505,21825.27444779215,-59.29999999999927,-1.2173723154963598,-0.2635321304772877,22200.630555555555,53.627456798234554,-46.98307108438857,347.5297151229561,22245.28,22234.005454545455,-0.49747477089463377,-501.19617647058476,225.70834269048282,46.35834269048428,-0.15906644457358182,-0.9205847049409068,22794.7,22348.05
2024-05-03 00:00:00+05:30,22766.35,22794.7,22348.05,22475.85,0,0,0.0,57.14285714285714,0.0,-0.6503974028881654,90.19029210255914,23110.8,22465.925,21821.05,22345.919777134626,45.65091217847336,53.40392559101042,42.0390739154826,23685.4125,,22307.875,22310.075,22011.95,22129.118514693488,22663.39762724241,22296.21,21929.022372757587,-256.03141080907517,-316.7646364339248,60.73322562484964,-8.698175643053272,158.6999999999971,22379.103030303027,23192.562602328202,22497.360218022455,21802.15783371671,9.75,-1.1049744737733247,0.04339872073924714,22190.681944444445,48.13340963093748,-32.74790735890738,354.70729424967226,22246.254999999997,22275.927272727273,-0.3731556146863052,-366.8083823529414,415.5000080204154,-31.149991979586048,0.5049701092567822,-0.15906644457358182,22710.5,22567.85
2024-05-02 00:00:00+05:30,22567.85,22710.5,22567.85,22648.2,0,0,92.85714285714286,50.0,92.85714285714286,0.5632667367683236,126.44207395544454,23110.8,22465.925,21821.05,22400.8798176556,50.30469004832362,68.40751565027985,55.08032750808987,23469.2875,,22307.875,22310.075,21839.1,22147.876268226824,22690.931589362764,22434.35,22177.768410637233,-214.58405351116016,-296.3285198493719,81.74446633821174,0.6093800966472354,327.45250000000306,22531.88146464646,23185.41378305885,22511.725911544127,21838.0380400294,244.35000000000218,-0.9423775516030304,1.0906607569681201,22209.61666666667,48.64910732321156,-15.046474605864512,346.0221555944788,22270.69,22349.008181818182,0.08455555352852401,-236.69058823529485,292.87143544606806,150.2214354460666,1.0860277098654842,0.5049701092567822,22783.35,22568.4
2024-04-30 00:00:00+05:30,22679.65,22783.35,22568.4,22604.85,0,0,85.71428571428572,42.85714285714286,85.71428571428572,-0.3479879041637773,118.98688717403063,23110.8,22465.925,21821.05,22437.965305354584,49.16437100939291,77.56894161146191,66.46012761758406,23385.35,,22307.875,22310.075,21817.45,22190.428121274555,22740.90187743092,22494.82,22248.73812256908,-183.1237701180762,-273.6875699031128,90.56379978503657,-1.6712579812141592,269.0249999999978,22634.51712121212,23171.06485133896,22520.594872349448,21870.124893359935,404.2999999999993,-0.8543277394400394,1.821126053183364,22260.661111111112,45.76391415462161,-19.49879320084239,336.5488336350749,22311.120000000003,22409.764545454545,0.03952226967042646,-131.5307352941163,338.97551609662696,124.02551609662987,1.6070148243662408,1.0860277098654842,22655.8,22441.9
2024-04-29 00:00:00+05:30,22475.55,22655.8,22441.9,22643.4,0,0,78.57142857142857,35.71428571428571,78.57142857142857,0.7847124824684614,86.75849068077432,23110.8,22465.925,21821.05,22475.317068017386,50.24450811613124,83.30508909772503,76.42718211982226,22906.0,,22363.550000000003,22310.075,22055.7,22234.68838743917,22736.301667620166,22563.0,22389.698332379834,-153.31330569194688,-249.61271706087962,96.29941136893274,0.48901623226248775,275.08750000000146,22698.403131313127,23161.5539131162,22532.29059879236,21903.027284468517,425.5500000000029,-0.7695224275199553,1.9153518454756107,22323.990277777775,52.933874370543094,-15.539464900118016,327.69181490338354,22353.675,22470.179090909092,0.20296515979281804,-65.73764705882786,182.99329951139225,-30.906700488605566,1.7224718369278105,1.6070148243662408,22620.4,22385.55
2024-04-26 00:00:00+05:30,22620.4,22620.4,22385.55,22419.95,0,0,71.42857142857143,28.57142857142857,71.42857142857143,-0.8535235256546684,46.74214417744872,23026.4,22423.725,21821.05,22465.25032837786,44.36080485238768,75.49085057943476,78.78829376287389,22628.5875,,22363.550000000003,22579.875,22023.35,22244.57374910734,22744.846427004195,22558.45,22372.053572995806,-146.03543976615765,-228.89726160193524,82.86182183577759,-11.27839029522465,22.260000000002037,22666.392777777783,23140.039254724186,22521.59149414547,21903.14373356675,315.90000000000146,-0.7790788205245176,1.4291498616769391,22387.75,45.203356646425185,-38.48919016073532,322.6521868361138,22385.265000000003,22482.22909090909,-0.35065894610846865,-38.22205882352864,155.14425672405196,-79.70574327595023,1.5712855028005512,1.7224718369278105,22625.95,22305.25
2024-04-25 00:00:00+05:30,22316.9,22625.95,22305.25,22570.35,0,0,64.28571428571428,21.42857142857143,64.28571428571428,0.7903024633613861,48.57787476421095,22993.6,22407.324999999997,21821.05,22484.359359581886,48.71404633474742,74.30972799945222,77.70188922553733,22621.8875,,22489.95,22465.925,22146.65,22276.661514321662,22744.59194449937,22577.35,22410.108055500627,-126.67146572440106,-208.4521024264284,81.78063670202735,-2.57190733050516,137.22000000000116,22624.167777777777,23146.868849512357,22526.23516136971,21905.601473227063,515.1499999999978,-0.5308547110614826,2.3357303493053694,22448.809722222224,49.690187892624,-23.04216094079,322.5114240715761,22436.78,22515.88090909091,0.1703697862774742,-31.380735294114857,145.68079147775643,-175.0192085222443,1.198985652735158,1.5712855028005512,22476.45,22384.0
2024-04-24 00:00:00+05:30,22421.55,22476.45,22384.0,22402.4,0,0,57.14285714285714,14.28571428571429,57.14285714285714,-0.20713899405081304,16.762119581255966,22794.7,22307.875,21821.05,22469.45765783972,44.524669035416764,66.05898765812493,71.95318874567063,22601.4625,,22513.375,22465.925,21997.7,22285.715005858558,22725.099292822677,22528.19,22331.28070717732,-123.45443232160687,-191.45256840546412,67.99813608385725,-10.95066192916646,-41.289999999997235,22542.50095959596,23111.462292415945,22514.441336477357,21917.42038053877,444.90000000000146,-0.3984909448683301,2.0261869520664986,22497.50138888889,47.94427828669626,-40.291685924099895,312.7001197010852,22481.27,22509.629999999997,-0.3243465663155333,-45.56117647059,7.3049641237921605,-85.14503587620857,0.6693330763261582,1.198985652735158,22447.55,22349.45
2024-04-23 00:00:00+05:30,22447.05,22447.55,22349.45,22368.0,0,0,50.0,7.14285714285714,50.0,-0.8058103975535214,-0.09629179298892429,22794.7,22307.875,21821.05,22451.01081095977,43.69577721027058,64.28045670073091,68.21639078610268,22593.95,,22549.975,22465.925,22335.7,22286.601711811287,22694.41978089859,22480.82,22267.22021910141,-122.27123598241815,-177.61630192085494,55.34506593843679,-12.60844557945884,-86.29750000000058,22458.321010101005,23059.342074090615,22500.494542527133,21941.64701096365,65.5,-0.2620191253778908,0.2936890483129694,22521.9375,48.17918579621158,-43.82478303291738,297.2465064435709,22487.82,22489.035454545457,-0.4081160590322594,-74.57882352941306,-7.145745036752487,-105.24574503675103,0.04341864955163077,0.6693330763261582,22375.65,22198.15
2024-04-22 00:00:00+05:30,22336.9,22375.65,22198.15,22336.4,0,0,42.85714285714286,0.0,42.85714285714286,-0.0028169014084507044,-48.25809804314792,22794.7,22307.875,21821.05,22430.172481694357,42.905600072042965,54.244991618680295,61.52814532584537,22593.95,,22496.425000000003,22465.925,22332.65,22286.95502478148,22580.928298238574,22419.420000000002,22257.91170176143,-122.47162362570089,-166.58736626182414,44.11574263612326,-14.188799855914073,-117.49499999999534,22376.816464646457,23024.29997179627,22484.866490857883,21945.433009919496,33.900000000001455,-0.05864888664955099,0.1520008967604594,22520.934722222224,48.31421358659167,-53.14855618694185,288.6284373732456,22491.21,22461.504545454547,-0.5980838355149758,-96.59749999999985,-62.1463528886452,-239.6463528886452,-0.5543557794276024,0.04341864955163077,22179.55,21777.65
2024-04-19 00:00:00+05:30,21861.5,22179.55,21777.65,22147.0,0,0,35.71428571428571,100.0,35.71428571428571,0.7103757153520814,-169.7667441454078,22794.7,22286.175000000003,21777.65,22378.686575931744,38.42093053776907,46.447492042817316,54.99098012074284,22552.6875,,22280.5,22444.225,22493.55,22279.63591774594,22636.00256203369,22364.829999999998,22093.657437966307,-136.34176638182907,-160.53824628582512,24.19647990399605,-23.158138924461866,-305.76750000000175,22280.018787878787,23047.17616495853,22452.6887298238,21858.201294689068,-295.7000000000007,0.010547416033015369,-1.3175776533126617,22496.673611111113,54.47413978177992,-63.684184651688824,308.0583841742902,22461.640000000003,22398.920909090906,-1.2545199084194976,-169.82470588235083,-216.70401676169786,-618.6040167616957,-1.103073015894428,-0.5543557794276024,22326.5,21961.7
2024-04-18 00:00:00+05:30,22212.35,22326.5,21961.7,21995.85,0,0,28.57142857142857,92.85714285714286,28.57142857142857,-0.5934758771929837,-145.78231260442124,22794.7,22286.175000000003,21777.65,22309.079925762333,35.254005429426016,34.87382165087603,45.188768437457874,22534.487500000003,,22280.5,22402.025,22474.05,22253.261722350206,22559.530927647043,22249.93,21940.329072352957,-157.71248487871708,-159.97309400440355,2.2606091256864715,-29.491989141147958,-447.6075000000019,22148.23525252525,23016.53557781962,22409.180279364387,21801.824980909154,-480.0,0.05728303868521882,-2.135625571446686,22457.369444444445,46.813322483504514,-78.54579420874124,312.1377831153321,22413.640000000003,22314.23181818182,-1.678991410259303,-215.52838235294257,-12.553442938598891,-377.35344293859816,-1.28928900139001,-1.103073015894428,22213.75,22079.45
2024-04-16 00:00:00+05:30,22125.3,22213.75,22079.45,22147.9,0,0,21.42857142857143,85.71428571428572,21.42857142857143,0.16827997021595165,-108.52488955546517,22794.7,22286.175000000003,21777.65,22279.774484714635,40.561625127806735,31.391442570833835,37.57091875484239,22518.9,,22216.725,22385.625,22356.3,22242.518412848625,22473.29248449233,22199.03,21924.76751550767,-160.5292872921891,-160.08433266196067,-0.4449546302284375,-18.87674974438654,-281.65999999999985,22064.77929292929,22975.3131418368,22384.296443234445,21793.27974463209,-500.2999999999993,0.08666210790033582,-2.209005572186749,22402.78472222222,50.119131340582435,-63.595693427068454,305.3657772878318,22363.61,22265.915454545455,-1.059147383666134,-269.7658823529382,-97.99580823308497,-232.29580823308424,-1.2719226310847631,-1.28928900139001,22427.45,22259.55
2024-04-15 00:00:00+05:30,22339.05,22427.45,22259.55,22272.5,0,0,14.28571428571429,78.57142857142857,14.28571428571429,-0.3963668850506176,-33.29009486562934,22794.7,22286.175000000003,21777.65,22278.451851130158,44.57154733183759,35.504645789292454,33.92330333700077,22518.9,,22201.800000000003,22286.175000000003,22405.6,22244.008017528595,22414.958199158966,22179.93,21944.901800841035,-150.96718904300724,-158.26090393817,7.293714895162765,-10.856905336324807,-131.07250000000204,22064.101212121208,22961.626175947582,22373.649162926406,21785.67214990523,-332.34999999999854,0.13057098520321847,-1.470259700904888,22346.63194444444,46.93848346945241,-51.34457499631297,303.5114355288856,22330.375,22249.35,-0.5660998416229588,-284.09014705882146,121.31073580021257,-46.589264199788886,-0.8843029714427454,-1.2719226310847631,22726.45,22503.75
2024-04-12 00:00:00+05:30,22677.4,22726.45,22503.75,22519.4,0,0,7.14285714285714,71.42857142857143,7.14285714285714,-0.7094746295464728,72.13057142639815,22794.7,22286.175000000003,21777.65,22322.26060547013,51.547070580612356,52.66374973370696,39.853279364611076,22781.15,,22252.050000000003,22286.175000000003,22378.4,22247.66556140525,22566.509471397836,22216.530000000002,21866.55052860217,-122.05936632307203,-151.0205964151504,28.96123009207838,3.094141161224708,136.59000000000015,22178.638333333332,23005.976063952574,22387.530195028652,21769.08432610473,-124.0,0.09605258470259981,-0.5476209403181501,22302.468055555553,50.01400196477331,-27.068482375497716,314.3130716522559,22317.975,22283.71818181818,0.3924336712962293,-201.2325000000019,389.84491640018314,167.1449164001824,-0.2736245817640216,-0.8843029714427454,22775.7,22673.7
2024-04-10 00:00:00+05:30,22720.25,22775.7,22673.7,22753.8,0,0,0.0,64.28571428571428,0.0,0.32892156862744387,119.28904124517592,22794.7,22286.175000000003,21777.65,22400.722313566468,57.07063812584056,72.88289688812769,53.68376413704235,22671.675000000003,,22276.675000000003,22286.175000000003,22338.75,22267.92810428262,22876.993271739197,22337.89,21798.786728260802,-79.32122184081163,-136.68072150028266,57.35949965947103,14.141276251681127,394.66999999999825,22393.01383838384,23030.77834357614,22422.413033597353,21814.047723618565,333.84999999999854,0.11287105019066354,1.4890755777778208,22277.355555555554,54.730181597285885,-2.9382519638062377,310.1492269905343,22351.359999999997,22362.95909090909,1.3611859797911863,-56.873529411768686,379.4956426287281,277.4956426287281,0.33772252758680843,-0.2736245817640216,22768.4,22612.25
2024-04-09 00:00:00+05:30,22765.1,22768.4,22612.25,22642.75,0,0,7.14285714285714,57.14285714285714,7.14285714285714,-0.783541466538568,94.53850562025656,22794.7,22286.175000000003,21777.65,22444.72734746347,53.933703198908084,85.33765114678404,70.29476592287288,22637.737500000003,,22276.675000000003,22286.175000000003,21982.8,22271.29078421982,22919.414010686756,22467.27,22015.125989313245,-53.79166451891433,-120.102910104009,66.31124558509467,7.867406397816172,303.1424999999981,22593.114393939395,23023.566120378415,22443.397506588084,21863.228892797753,72.40000000000146,0.08839274667495009,0.3207748218348473,22279.802777777775,51.73598520701368,-13.980312220343938,299.0998676135994,22358.6,22415.93909090909,1.0345974933667357,48.57882352941306,336.9748365389096,180.82483653890813,0.8552165149029309,0.33772252758680843,22697.3,22550.35
2024-04-08 00:00:00+05:30,22578.35,22697.3,22550.35,22666.3,0,0,0.0,50.0,0.0,0.5985028921401857,81.71820196094492,22794.7,22286.175000000003,21777.65,22485.013284288292,54.504807356022134,90.70668704507416,82.97574502666195,22601.25,,22276.675000000003,22286.175000000003,21951.15,22285.079846354787,22904.90902742688,22570.95,22236.990972573123,-31.29823169385054,-102.34197442197731,71.04374272812677,9.009614712044279,353.1375000000007,22728.061515151512,23017.531251770946,22464.626315484456,21911.721379197967,263.8999999999978,0.1457140076643428,1.177998785844364,22312.654166666664,51.465847386952916,-10.961374680627378,288.18670051815207,22384.989999999998,22471.884545454544,1.2844381721535532,147.89588235293922,232.32128846192063,85.3712884619199,1.1855139789128817,0.8552165149029309,22537.6,22427.6
2024-04-05 00:00:00+05:30,22486.4,22537.6,22427.6,22513.7,0,0,78.57142857142857,42.85714285714286,78.57142857142857,0.24818181818181156,30.355161629036804,22794.7,22286.175000000003,21777.65,22490.22905078133,50.164901676691336,82.93570775962647,86.32668198382822,22528.475,,22276.675000000003,22286.175000000003,22198.35,22288.733534108695,22802.450387427034,22619.190000000002,22435.92961257297,-25.491716156335315,-86.97192276884893,61.48020661251361,0.32980335338265393,226.48499999999694,22747.90101010101,23015.013989697523,22469.299999724033,21923.586009750543,145.70000000000073,0.10570246353812085,0.6513769670958545,22367.401388888888,54.159001588537066,-26.251189820149314,284.63825301253155,22399.56,22495.286363636365,0.5946279089730694,188.8313235294081,65.66110439593103,-44.338895604068966,1.2033328286835157,1.1855139789128817,22619.0,22303.8
2024-04-04 00:00:00+05:30,22592.1,22619.0,22303.8,22514.65,0,0,71.42857142857143,35.71428571428571,71.42857142857143,-0.24571700507613234,24.845683289452275,22794.7,22286.175000000003,21777.65,22494.66922336654,50.1914907242526,78.87714376367246,84.17317952279103,22527.699999999997,,22368.7,22286.175000000003,22122.05,22293.283840417324,22803.596989617075,22618.239999999998,22432.88301038292,-20.576164482710738,-73.6927711116213,53.11660662891056,0.382981448505208,232.0,22694.858989898992,23027.398371631094,22473.619047369364,21919.839723107634,178.25,0.09346525537697092,0.7980247488404577,22432.483333333334,55.40634882429816,-26.156004208205953,286.8290795628881,22417.385000000002,22516.211818181815,0.6022345729852027,173.66779411764946,140.9595180536562,-174.24048194634452,1.0200040327733657,1.2033328286835157,22521.1,22346.5
2024-04-03 00:00:00+05:30,22385.7,22521.1,22346.5,22434.65,0,0,64.28571428571428,28.57142857142857,64.28571428571428,0.28035509736541314,9.423284371375033,22794.7,22286.175000000003,21777.65,22483.7566372999,47.875016545569544,71.14039042800131,77.65108065043341,22506.6,23071.300000000003,22427.575,22286.175000000003,22212.7,22298.945653523857,22728.545457618213,22554.41,22380.274542381787,-22.872228960834036,-63.52866268146385,40.65643372062981,-4.249966908860909,150.625,22591.625101010108,23004.203288618606,22469.90770952466,21935.612130430716,287.65000000000146,0.08099719987732731,1.2988215108141123,22491.005555555555,55.140206549920585,-34.171634687640854,278.78597416704025,22446.15,22519.350909090906,0.2375518459637542,131.176029411763,49.25815833170054,-125.341841668298,0.7792150033285447,1.0200040327733657,22497.6,22388.15
2024-04-02 00:00:00+05:30,22458.8,22497.6,22388.15,22453.3,0,0,57.14285714285714,21.42857142857143,57.14285714285714,-0.05025125628140837,13.45263160714457,22783.35,22280.5,21777.65,22478.219066881735,48.47207051926549,69.12312342401015,73.04688587189463,22418.7875,23068.125,22517.625,22286.175000000003,22217.45,22313.317617518733,22679.35725126612,22516.52,22353.68274873388,-22.922738407109136,-55.40747782659291,32.48473941948377,-3.0558589614690153,169.33749999999782,22500.3244949495,22972.58392779779,22468.326022903268,21964.068118008745,457.4500000000007,0.06447627005493269,2.079710490842594,22529.58611111111,56.76243358347591,-32.302990832122816,266.65308821371616,22491.895,22520.650909090906,0.3279012293814084,91.76397058823568,28.406992855743738,-81.04300714425335,0.4078027464036519,0.7792150033285447,22529.95,22427.75
2024-04-01 00:00:00+05:30,22455.0,22529.95,22427.75,22462.0,0,0,50.0,14.28571428571429,50.0,0.06849315068493102,21.533167952316717,22783.35,22280.5,21777.65,22475.270145630508,48.76688143183821,67.36469448758406,69.20940277986517,22305.600000000002,23068.125,22539.75,22286.175000000003,22055.05,22322.863780261854,22540.993893194158,22475.660000000003,22410.32610680585,-22.007066452966683,-48.72739555186767,26.72032909890099,-2.466237136323582,191.77750000000015,22441.044595959596,22943.42355372181,22467.723544531527,21992.023535341246,314.09999999999854,0.11172129002983781,1.4181931469800682,22549.375,51.77328855618607,-31.431291017484185,254.87266595985713,22523.305,22515.215454545458,0.3590907747009615,65.0476470588219,61.78456530492622,-40.41543469507451,-0.015135767048359061,0.4078027464036519,22516.0,22163.6
2024-03-28 00:00:00+05:30,22163.6,22516.0,22163.6,22326.9,0,0,42.85714285714286,7.14285714285714,42.85714285714286,0.4633938706015954,-33.89356169476314,22775.7,22276.675000000003,21777.65,22448.293755515868,44.50832064095963,63.766010386921096,66.75127609950509,22293.6625,23068.125,22469.65,22286.175000000003,22196.95,22322.901669322328,22561.71570402467,22438.3,22314.884295975327,-31.81607484840424,-45.34513141117499,13.529056562770748,-10.983358718080733,65.86250000000291,22387.558080808085,22951.83083431973,22454.311778385665,21956.7927224516,54.400000000001455,0.1712827367800263,0.24424739027949918,22541.1125,52.36691156139266,-44.96768698962974,261.8574984695163,22528.745000000003,22479.505454545455,-0.30165666760289894,41.13544117647325,68.01534168993385,-284.3846583100676,-0.5233680861670686,-0.015135767048359061,22193.6,22052.85
2024-03-27 00:00:00+05:30,22053.95,22193.6,22052.85,22123.65,0,0,35.71428571428571,0.0,35.71428571428571,0.49520426287744745,-127.14768405959661,22775.7,22276.675000000003,21777.65,22389.267618149344,38.9917355412656,47.832199796154526,59.65430155688656,22266.175000000003,23068.125,22410.625,22286.175000000003,22122.25,22303.675508395863,22615.65961339755,22360.1,22104.540386602446,-55.352294248266844,-47.346563978593366,-8.005730269673478,-22.016528917468815,-116.33000000000175,22293.195252525253,22925.156469146423,22422.820180444174,21920.483891741926,-395.75,0.19299348292979476,-1.7573736422817658,22511.854166666668,46.869606361985134,-80.10442260442252,262.73054957946556,22489.170000000002,22405.851818181818,-1.2373007010448047,-15.560588235293835,-208.05113569434616,-348.80113569434616,-1.0333254861078007,-0.5233680861670686,22073.2,21947.55
2024-03-26 00:00:00+05:30,21947.9,22073.2,21947.55,22004.7,0,0,28.57142857142857,100.0,28.57142857142857,0.4520493434142349,-164.51224184451033,22775.7,22276.675000000003,21777.65,22319.34623303128,36.1665029532737,27.276271383882058,46.291493855652554,22254.1375,23068.125,22322.425,22286.175000000003,22040.7,22198.38304283451,22637.888451258324,22274.11,21910.331548741677,-82.65044569547536,-54.40734032196977,-28.243105373505585,-27.666994093452608,-227.8199999999997,22162.82308080808,22871.036805418196,22382.999210878064,21894.961616337932,-749.0999999999985,0.144638211325273,-3.292197347256276,22461.704166666666,48.111827857784704,-93.0990762543016,256.5284168846688,22414.260000000002,22317.76636363636,-1.7377549805581312,-88.08308823529296,-271.7438305951546,-397.39383059515603,-1.522612373349207,-1.0333254861078007,22180.7,21883.3
2024-03-22 00:00:00+05:30,21932.2,22180.7,21883.3,22096.75,0,0,21.42857142857143,100.0,21.42857142857143,0.5532952252858052,-136.82115597145201,22775.7,22276.675000000003,21777.65,22278.874190661954,39.80155744819341,16.905049162735192,30.671173447590586,22275.800000000003,23059.6,22251.15,22286.175000000003,21910.75,22176.98727671661,22536.67468906748,22202.8,21868.92531093252,-95.75298092396406,-62.67646844236863,-33.07651248159543,-20.396885103613176,-126.15750000000116,22060.26616161616,22853.942823949797,22355.737381270632,21857.531938591466,-546.0,0.04691338400293849,-2.4113678771350653,22404.522222222222,48.5515998176603,-76.08135365307032,259.4540514668961,22359.66,22260.037272727273,-1.334424375938761,-164.0404411764721,-128.78756908156356,-426.187569081565,-1.8933297814499328,-1.522612373349207,22080.95,21941.3
2024-03-21 00:00:00+05:30,21989.9,22080.95,21941.3,22011.95,0,0,14.28571428571429,92.85714285714286,14.28571428571429,0.1578947368420984,-124.4068295964001,22775.7,22276.675000000003,21777.65,22230.342519632504,37.67316764536112,15.0785837257812,19.75330142413281,22308.975,22971.35,22251.15,22280.5,21840.05,22134.942935438747,22346.14889440925,22112.79,21879.431105590753,-111.69197028048438,-72.47956880999179,-39.212401470492594,-24.653664709277763,-203.08749999999782,21983.281212121216,22803.3625550022,22322.995725911525,21842.62889682085,-654.3499999999985,-0.1494894269923765,-2.8868849349033523,22343.42777777778,48.42539224517533,-85.58381891528448,252.01045839308742,22294.225,22196.817272727276,-1.764091375581856,-251.30529411764655,-186.03220206991318,-325.68220206991464,-2.2913356463659706,-1.8933297814499328,21930.9,21710.2
2024-03-20 00:00:00+05:30,21843.9,21930.9,21710.2,21839.1,0,0,7.14285714285714,100.0,7.14285714285714,-0.021748980516551403,-142.96526265828513,22775.7,22242.95,21710.2,22159.207516062954,33.71550324429004,16.810811396345297,16.26481476162056,22308.975,22958.25,22120.075,22246.775,21743.25,22058.501272321606,22214.315555477806,22015.23,21816.144444522193,-136.69554347684243,-85.32276374336192,-51.37277973348051,-32.56899351141992,-370.4850000000006,21902.003282828282,22769.004216430563,22276.91041868186,21784.816620933154,-674.6000000000022,-0.31005984230220707,-2.996397748926219,22270.051388888893,47.18184412091348,-87.9023932426093,255.56982425137718,22226.765000000003,22114.067272727276,-2.269421457934751,-344.7111764705878,-274.95617320278325,-495.656173202784,-2.70166132770023,-2.2913356463659706,21978.3,21793.1
2024-03-19 00:00:00+05:30,21946.45,21978.3,21793.1,21817.45,0,0,0.0,92.85714285714286,0.0,-0.6965442764578806,-108.96219299994132,22775.7,22242.95,21710.2,22097.069785869688,33.2444187918921,12.21630765908045,14.701900927068976,22308.975,22936.825,22120.075,22242.95,21616.05,21995.05388958723,22169.6826832322,21953.99,21738.297316767803,-156.45451913237048,-99.54911482116363,-56.90540431120685,-33.511162416215804,-389.3224999999984,21829.38151515151,22713.65619581813,22233.1522835693,21752.64837132047,-697.2000000000007,-0.4916694918913902,-3.0966504031819313,22191.95138888889,44.03961298176993,-89.86486486486487,250.53481577506375,22157.045,22039.646363636366,-2.1067214178387244,-389.5499999999993,-172.06957703096123,-357.26957703096195,-2.7159581602281633,-2.70166132770023,22123.7,21916.55
2024-03-18 00:00:00+05:30,21990.1,22123.7,21916.55,22055.7,0,0,0.0,85.71428571428572,0.0,0.31667873521603535,-54.62271871271748,22775.7,22242.95,21710.2,22089.548006620655,42.72797749299233,19.078087165134335,16.035068740186688,22336.8125,22871.25,22120.075,22242.95,21782.5,21999.575341215856,22192.938572891515,21964.19,21735.441427108482,-151.14654257607617,-109.86860037214615,-41.277942203930024,-14.544045014015348,-145.34499999999753,21836.73555555555,22709.32703431164,22216.25206608651,21723.17709786138,-378.9500000000007,-0.561944524295754,-1.689128201242278,22122.798611111113,48.54737036963064,-64.99848039712283,254.52078815049967,22119.15,22021.22,-1.1006071126213,-386.9919117647041,-13.145351740822662,-220.29535174082412,-2.261248731859049,-2.7159581602281633,22120.9,21931.7
2024-03-15 00:00:00+05:30,22064.85,22120.9,21931.7,22023.35,0,0,0.0,78.57142857142857,0.0,-0.21934460887949175,-48.56398503336436,22775.7,22242.95,21710.2,22077.512005416895,41.85843109428971,26.5313937154876,19.275262846567458,22471.7125,22871.25,22113.1,22242.95,21717.95,22001.689263553842,22150.02459198748,21949.51,21748.995408012517,-147.84603054392574,-117.46408640650208,-30.38194413742366,-16.28313781142058,-153.73500000000058,21884.336919191916,22680.033983424815,22197.880440744935,21715.726898065055,-429.9500000000007,-0.6775806635772311,-1.91486329403696,22068.329166666666,50.44574089497759,-65.54247359154951,249.8481419658252,22076.155000000002,22003.80181818182,-1.1446949462000573,-385.3738235294113,0.26826993643771857,-188.931730063563,-1.7482351463824255,-2.261248731859049,22204.6,21917.5
2024-03-14 00:00:00+05:30,21982.55,22204.6,21917.5,22146.65,0,0,7.14285714285714,71.42857142857143,7.14285714285714,0.5715778474399269,-22.854735797518497,22775.7,22242.95,21710.2,22090.08254988655,46.34070947480337,39.16130465635809,28.25692851232667,22477.9375,22862.525,21957.4,22242.95,21930.5,22008.6950038953,22231.940485145547,21976.45,21720.959514854454,-133.73940680883607,-120.71915048696889,-13.02025632186718,-7.318581050393261,-11.647499999999127,21976.96651515151,22683.921223098645,22193.001351150182,21702.08147920172,-315.34999999999854,-0.712665976833003,-1.4039266316445487,22024.63194444445,55.306310738635986,-51.9751320422534,252.51262960116384,22044.620000000003,22016.61909090909,-0.6295105231539171,-369.039558823526,80.25137423122942,-206.84862576876912,-1.0496132016942106,-1.7482351463824255,22446.75,21905.65
2024-03-13 00:00:00+05:30,22432.2,22446.75,21905.65,21997.7,0,0,0.0,64.28571428571428,0.0,-0.8029939013121441,-5.8856347027095115,22775.7,22242.95,21710.2,22073.285722634446,42.11666778015482,39.18468751923964,34.95912863036177,22489.65,22841.225,22078.475,22242.95,21929.4,22008.139159094015,22223.854923905,22008.17,21792.485076094996,-133.04516420375148,-123.18435323032541,-9.86081097342607,-15.766664439690365,-164.33250000000044,22037.32813131313,22721.63348756544,22174.401222469212,21627.168957372985,-329.2000000000007,-0.8138143633789611,-1.4744545816929386,21992.798611111113,45.54702878738949,-64.92833180847819,273.1521998029775,22011.7,22008.088181818184,-1.1242912349026914,-292.34044117647136,340.49403505534065,-200.6059649446579,-0.30785530921576054,-1.0496132016942106,22452.55,22256.0
2024-03-12 00:00:00+05:30,22334.45,22452.55,22256.0,22335.7,0,0,14.28571428571429,57.14285714285714,14.28571428571429,0.006359704909692214,94.35086339855272,22775.7,22242.95,21710.2,22120.997409428182,52.6615240744117,53.13342909763659,43.82647375774477,22507.949999999997,22841.225,22081.375,22242.95,21771.7,22016.279108747403,22357.315666764014,22111.82,21866.324333235985,-104.02209476439384,-119.3519015371391,15.329806772745258,5.323048148823402,167.79999999999927,22144.384343434343,22771.516012559212,22189.76301080548,21608.010009051748,212.04999999999927,-0.8555696767948914,0.9584765624117144,21992.0625,49.879457779183106,-23.696248856358647,286.14592241827387,22032.905,22066.997272727276,0.2211788888750569,-194.36514705881928,313.51631576172076,116.96631576172149,0.3601535172404273,-0.30785530921576054,22526.6,22307.25
2024-03-11 00:00:00+05:30,22517.5,22526.6,22307.25,22332.65,0,0,7.14285714285714,50.0,7.14285714285714,-0.8427171187599716,117.48310568124458,22768.4,22239.300000000003,21710.2,22159.479698623058,52.568460394543195,62.435701941648915,51.584606186175044,22481.175000000003,22841.225,22118.4,22242.95,21853.8,22031.84804757488,22457.880021845922,22167.21,21876.539978154076,-80.34109056245507,-111.5497393422023,31.208648779747236,5.136920789086378,158.95250000000306,22247.675808080807,22771.500201839284,22203.371295490673,21635.242389142062,327.9500000000007,-0.8527740940671493,1.490363422359772,22019.78888888889,47.5460419924487,-24.068313510216445,281.3695598606102,22065.7,22121.496363636365,0.22165414568302905,-110.46250000000146,359.90684208147286,140.55684208147431,0.9501803681142436,0.3601535172404273,22525.65,22430.0
2024-03-07 00:00:00+05:30,22505.3,22525.65,22430.0,22493.55,0,0,0.0,42.85714285714286,0.0,-0.12284370099320252,157.59210024049779,22697.3,22203.75,21710.2,22220.219753418864,56.89603810758822,82.7290589922947,66.0993966771934,22362.3625,22795.300000000003,22118.4,22242.95,21697.45,22059.553957625307,22604.406891231854,22261.250000000004,21918.093108768153,-48.03670162290291,-98.84713179834242,50.81043017543951,13.792076215176436,309.5774999999994,22375.041363636363,22781.79065880697,22231.0073625868,21680.224066366627,396.7999999999993,-0.7736948110933458,1.7957391924151709,22061.565277777776,51.80689142030212,-4.048260656540837,275.0510298392169,22105.38,22199.28727272727,0.883562480774062,-15.41191176470602,312.2630074984081,216.61300749840666,1.4796034223317973,0.9501803681142436,22497.2,22224.35
2024-03-06 00:00:00+05:30,22327.5,22497.2,22224.35,22474.05,0,0,85.71428571428572,35.71428571428571,85.71428571428572,0.537108301264424,114.11121543901007,22619.0,22164.6,21710.2,22266.370707342707,56.22648986221444,88.48221004828493,77.88232366074284,22341.2625,22758.9,22159.85,22242.95,21725.7,22093.354538878426,22682.15463955093,22326.73,21971.30536044907,-23.73512394521822,-83.8247302277176,60.089606282499375,12.4529797244289,279.27999999999884,22474.502424242426,22804.453453206304,22254.154280435672,21703.85510766504,462.09999999999854,-0.6800862687058912,2.099314236130822,22115.343055555553,53.628839070667674,-6.436795688387975,274.8936649833039,22151.59,22266.31818181818,0.7901085598580166,53.800735294120386,246.5754349986346,-26.27456500136759,1.629139075080173,1.4796034223317973,22416.9,22269.15
2024-03-05 00:00:00+05:30,22371.25,22416.9,22269.15,22356.3,0,0,78.57142857142857,28.57142857142857,78.57142857142857,-0.10118443316413352,76.31420593354883,22619.0,22164.6,21710.2,22282.72148782585,52.22955420308062,89.55169034786877,86.92098646281613,22301.175,22727.725,22216.125,22242.95,,22120.82905269148,22539.313607791046,22398.45,22257.586392208956,-13.818102984692814,-69.82340477911265,56.005301794419836,4.459108406161241,142.5550000000003,22513.989191919187,22800.800743377134,22263.882444203704,21726.964145030273,517.2000000000007,-0.6187796419061228,2.3682294600052236,22173.558333333334,53.48275351253495,-20.859872611464937,269.889734536233,22203.31,22303.538181818185,0.31986416630882775,93.21941176470864,151.17894428454383,3.4289442845438316,1.52673639556635,1.629139075080173,22440.9,22358.3
2024-03-04 00:00:00+05:30,22403.5,22440.9,22358.3,22405.6,0,0,71.42857142857143,21.42857142857143,71.42857142857143,0.025423728813541033,80.20832042615085,22529.95,22120.075,21710.2,22305.063035493873,53.71314637282081,85.96072186836523,87.99820742150631,22243.987500000003,22727.725,22216.125,22242.95,,22156.139623292584,22538.72981155928,22412.43,22286.130188440722,-1.958122426050977,-56.250348308500314,54.29222588244934,7.426292745641604,188.52750000000015,22504.619595959593,22779.2768630555,22277.37935427954,21775.48184550358,588.1499999999978,-0.4944903920986089,2.6957779208844195,22243.5,52.10032213204984,-14.821166095051485,256.6439802391712,22262.125,22340.31818181818,0.5065242376900244,105.32485294117578,155.19623795817824,72.59623795817606,1.4977193910103674,1.52673639556635,22419.55,22367.05
2024-03-02 00:00:00+05:30,22406.95,22419.55,22367.05,22378.4,0,0,64.28571428571428,14.28571428571429,64.28571428571428,-0.54380952380951,64.87215926054076,22529.95,22120.075,21710.2,22318.39702904044,52.739947494834425,82.05536501714857,85.85592574446086,22269.112500000003,22684.45,22216.125,22242.95,,22170.58802562464,22528.59077702694,22421.579999999998,22314.569222973056,5.186399349819112,-43.96299877683643,49.14939812665554,5.4798949896688445,160.46000000000276,22469.116919191914,22751.09811419307,22287.000368157678,21822.902622122285,322.7000000000007,-0.2687057654760488,1.4631138435869218,22300.833333333332,57.88426131763674,-18.152866242037913,242.0512463300771,22294.395,22361.45909090909,0.3679394596917323,102.72632352941582,120.60391824986073,68.10391824986073,1.4663940504331099,1.4977193910103674,22353.3,22047.75
2024-03-01 00:00:00+05:30,22048.3,22353.3,22047.75,22338.75,0,0,57.14285714285714,7.14285714285714,57.14285714285714,0.9505809196530892,12.60339891649555,22529.95,22120.075,21710.2,22322.097569214904,51.2813370551516,81.33880450759446,83.11829713103609,22281.425000000003,22585.675000000003,22216.125,22239.300000000003,,22181.04217959794,22485.288486836485,22390.62,22295.951513163513,7.5618919166699925,-33.65802063813515,41.21991255480514,2.5626741103032074,132.60499999999956,22417.5298989899,22774.807817603258,22291.928904523615,21809.04999144397,315.40000000000146,-0.0022529278350877507,1.4321163674009698,22344.024999999998,60.4670872996624,-23.009554140127275,248.3841699857024,22325.935,22369.523636363632,0.16730296967666902,54.022205882352864,48.66764421416519,-256.8823557858341,0.8695672243453667,1.4663940504331099,22060.55,21860.65
2024-02-29 00:00:00+05:30,21935.2,22060.55,21860.65,21982.8,0,0,50.0,0.0,50.0,0.2381190595297602,-95.85575354442166,22526.6,22118.4,21710.2,22260.40710208492,40.462455851728926,61.566627879882724,74.98693246820858,22281.425000000003,22517.800000000003,22193.625,22203.75,,22176.999426891638,22605.15609687758,22292.37,21979.583903122417,-19.058014384700073,-30.738019387448134,11.68000500274806,-19.07508829654215,-215.46250000000146,22284.384545454548,22790.44516830771,22262.488056473747,21734.530944639784,-163.85000000000218,0.08450770438222029,-0.7398410143294908,22360.866666666665,56.91829454644274,-74.13769597818667,264.8031356366989,22309.55,22307.135454545452,-1.2441674942904069,-13.133382352942135,-198.10630495928854,-398.00630495928635,0.1908644068645672,0.8695672243453667,22229.15,21915.85
2024-02-28 00:00:00+05:30,22214.1,22229.15,21915.85,21951.15,0,0,42.85714285714286,0.0,42.85714285714286,-0.8392914139801936,-82.6611173747886,22526.6,22118.4,21710.2,22204.17853806948,39.6612234215937,38.81411957039261,60.5731839859566,22281.425000000003,22474.275,22193.625,22164.6,,22175.208845845948,22613.144596290185,22211.340000000004,21809.535403709822,-42.22166730589379,-33.03474897113726,-9.186918334756527,-20.67755315681262,-217.48999999999796,22122.84833333334,22770.188485611736,22232.836813000056,21695.485140388377,-46.54999999999927,0.18129762433487978,-0.21161303227155234,22350.66388888889,49.521271244953525,-86.41039117050823,268.2692933224028,22304.894999999997,22241.971818181817,-1.2885010231397003,-60.93249999999898,14.423167177752475,-298.87683282225044,-0.2671325918818572,0.1908644068645672,22218.25,22085.65
2024-02-27 00:00:00+05:30,22090.2,22218.25,22085.65,22198.35,0,0,35.71428571428571,85.71428571428572,35.71428571428571,0.8156108597284992,-33.30139982698914,22526.6,22118.4,21710.2,22203.118803875026,48.2762346680233,30.053808525828515,43.478185325367946,22281.425000000003,22474.275,22193.15,22164.6,,22175.682868409924,22522.76385508127,22169.89,21817.01614491873,-40.16901170505298,-34.46160151792041,-5.707410187132574,-3.447530663953404,65.54000000000087,22039.18348484849,22766.603867934424,22229.552354619096,21692.50084130377,-137.35000000000218,0.2553923505457715,-0.6149348352637355,22330.25,50.07535262827356,-49.29048727381957,268.1857254477414,22291.16,22222.6,-0.28744277632207466,-115.56102941176141,5.862714723785757,-126.73728527621279,-0.4636938145821079,-0.2671325918818572,22202.15,22075.15
2024-02-26 00:00:00+05:30,22169.2,22202.15,22075.15,22122.05,0,0,28.57142857142857,78.57142857142857,28.57142857142857,-0.3712598425196965,-54.791115254216706,22526.6,22118.4,21710.2,22188.379021352295,46.08889418163158,34.5171058888304,34.46167799501717,22327.4375,22472.725,22178.925000000003,22120.075,,22173.998830682285,22403.322129250766,22118.620000000003,21833.91787074924,-44.18964892143049,-36.407210998622425,-7.7824379228080645,-7.822211636736831,24.792499999999563,22015.128333333338,22729.40826146448,22219.314035131563,21709.219808798647,-210.60000000000218,0.37026933341092927,-0.9430139280381064,22290.629166666666,49.78436425011052,-60.747803889181014,258.0957699758797,22270.1,22191.852727272726,-0.5393758684301393,-166.33073529411558,2.668041191816883,-124.33195880818312,-0.514979970656604,-0.4636938145821079,22297.5,22186.1
2024-02-23 00:00:00+05:30,22290.0,22297.5,22186.1,22212.7,0,0,21.42857142857143,71.42857142857143,21.42857142857143,-0.6938958707360706,-14.426572277729685,22526.6,22118.4,21710.2,22192.80101747006,49.042927731527506,47.60867933027998,37.39319791497963,22356.875,22472.725,22150.775,22120.075,,22175.95443837353,22309.80821995552,22093.41,21877.01178004448,-39.604796040574,-37.04672800701274,-2.5580680335612627,-1.9141445369449979,153.2475000000013,22053.109797979803,22713.616998467864,22218.684127023796,21723.75125557973,-280.84999999999854,0.3626900197088043,-1.2485801485314614,22245.219444444443,49.14832630470048,-47.135670846159506,252.18964125496592,22242.015,22181.416363636363,-0.10197221619830278,-160.8757352941211,96.12974959298299,-15.270250407018466,-0.34977783376884614,-0.514979970656604,22252.5,21875.25
2024-02-22 00:00:00+05:30,22081.55,22252.5,21875.25,22217.45,0,0,14.28571428571429,64.28571428571428,14.28571428571429,0.36023856858847303,-73.03292656358666,22526.6,22118.4,21710.2,22197.282650657322,49.200004277781595,48.56470706008963,43.5634974264,22401.9,22430.25,22150.775,22120.075,,22177.83754681584,22341.684405434862,22140.34,21938.995594565138,-35.1824207516911,-36.673866555948415,1.4914458042573173,-1.599991444436803,179.28750000000218,22120.884090909094,22738.220141470927,22218.56659111677,21698.913040762614,-256.59999999999854,0.360454112850908,-1.141761275782507,22196.270833333332,56.814941977357115,-46.4224040843906,261.1265417441762,22216.355000000003,22176.95,-0.015570894232811609,-131.99647058823757,48.83264250826687,-328.4173574917331,-0.4158385683173786,-0.34977783376884614,22249.4,21997.95
2024-02-21 00:00:00+05:30,22248.85,22249.4,21997.95,22055.05,0,0,7.14285714285714,57.14285714285714,7.14285714285714,-0.7707297673493685,-69.67142390746541,22526.6,22159.85,21793.1,22171.422168719626,44.18512935882027,45.211101934579695,47.1281627749831,22412.9625,22385.925000000003,22140.1,22118.4,,22171.24597357809,22287.60145476677,22161.12,22034.63854523323,-44.271643294567184,-38.19342190367217,-6.078221390895017,-11.62974128235945,40.6974999999984,22148.364141414142,22721.051556568935,22202.993582438983,21684.93560830903,-301.25,0.26646349647480305,-1.347494889583697,22163.516666666666,49.8736477354568,-70.80861926571083,260.4350715342689,22186.23,22147.62181818182,-0.7343474025967713,-107.30779411764888,66.9636935785129,-184.48630642148782,-0.4523153396089603,-0.4158385683173786,22215.6,22045.85
2024-02-20 00:00:00+05:30,22099.2,22215.6,22045.85,22196.95,0,0,0.0,50.0,0.0,0.5758468335787923,-37.47227438183338,22526.6,22193.625,21860.65,22176.063592588784,49.06996538629312,44.446801740442346,46.07420357837055,22377.912500000002,22381.25,22106.975,22118.4,,22171.99936250099,22286.996322076695,22160.84,22034.683677923305,-39.568650776367576,-38.468467678211255,-1.1001830981563216,-1.8600692274137691,212.93249999999898,22164.68227272727,22703.470455943323,22202.41800315908,21701.365550374838,-208.64999999999782,0.1848750264317994,-0.9312404041846585,22152.11527777778,57.24890421658695,-49.42857142857153,253.9550545399387,22165.365,22149.570909090908,0.010724277130455748,-94.08294117646437,31.090308781578642,-138.65969121842136,-0.3176759403984515,-0.4523153396089603,22186.65,22021.05
2024-02-19 00:00:00+05:30,22103.45,22186.65,22021.05,22122.25,0,0,0.0,42.85714285714286,0.0,0.11352657004830329,-51.15038971077936,22526.6,22193.625,21860.65,22166.279303027186,46.750391507476024,40.286448440056795,43.31478403835961,22348.4,22361.7,22079.075,22118.4,,22170.195620517647,22286.98721787399,22160.879999999997,22034.772782126005,-41.39201959229467,-39.053178061027936,-2.3388415312667377,-6.499216985047952,162.47999999999956,22158.462373737373,22681.620888710626,22194.78295523917,21707.945021767715,-256.15000000000146,0.09710435277079843,-1.14463053658886,22142.987500000003,62.24767060840874,-58.90346398554727,248.37768594279345,22139.75,22141.73181818182,-0.3249673878744482,-83.79367647058825,11.034550384210888,-154.5654496157913,-0.21382015880149674,-0.3176759403984515,22068.65,21968.95
2024-02-16 00:00:00+05:30,22020.3,22068.65,21968.95,22040.7,0,0,0.0,35.71428571428571,0.0,0.20461384152458684,-91.22141497051463,22526.6,22193.625,21860.65,22143.446702476787,44.289023187290795,40.89923105038489,41.87749374362801,22304.300000000003,22346.675000000003,22086.375,22118.4,,22164.69175830124,22269.923112068573,22126.48,21983.036887931426,-48.85429408235359,-41.01340126529307,-7.840892817060521,-11.421953625418404,95.19750000000204,22125.100656565657,22649.780804071524,22180.10838807354,21710.435972075553,-298.0499999999993,-0.04636096774439943,-1.3342286385764615,22139.47638888889,57.32742583163434,-68.97027143472654,241.5841520124835,22109.945,22123.72272727273,-0.6983868649209506,-110.59882352940986,-87.69181395639316,-187.3918139563939,-0.49163181965301644,-0.21382015880149674,21953.85,21794.8
2024-02-15 00:00:00+05:30,21906.55,21953.85,21794.8,21910.75,0,0,7.14285714285714,100.0,7.14285714285714,0.026406790317514913,-158.05482144390783,22526.6,22160.699999999997,21794.8,22101.13821111737,40.6190869931382,30.024134316133285,37.06993793552498,22268.662500000002,22346.675000000003,22046.15,22118.4,,22161.82821196517,22255.236442891277,22065.140000000003,21875.04355710873,-64.5104431092368,-45.71280963408182,-18.79763347515498,-18.761826013723592,-23.4800000000032,22047.61439393939,22626.23501320757,22154.45520825701,21682.675403306454,-72.04999999999927,-0.18999001939351137,-0.3277562457921615,22132.18055555556,57.41660805780864,-82.05386163132637,241.89252257545334,22102.739999999998,22087.505454545455,-1.31598627632908,-130.61838235293908,-167.40726910548256,-326.4572691054818,-0.9019077395850865,-0.49163181965301644,21870.85,21530.2
2024-02-14 00:00:00+05:30,21578.15,21870.85,21530.2,21840.05,0,0,0.0,100.0,0.0,0.7688243064729179,-200.28982342021058,22526.6,22028.4,21530.2,22053.667627277846,38.738336466616694,27.93863955237187,32.954001639630015,22265.825,22310.075,21913.85,22028.4,,22156.68279353284,22285.18299572487,22022.14,21759.09700427513,-81.68138102934245,-52.90652391313395,-28.774857116208494,-22.52332706676662,,21950.24590909091,22623.845964330656,22124.511855089677,21625.177745848698,-111.10000000000218,-0.3478350894765947,-0.5061238249476778,22117.770833333332,61.65055501528976,-65.1599482768315,251.79948323170242,22091.63,22039.743636363633,-1.5660667930508059,-192.86970588235272,-210.23480209041372,-550.8848020904115,-1.3498438747578787,-0.9019077395850865,21766.8,21543.35
2024-02-13 00:00:00+05:30,21664.3,21766.8,21543.35,21743.25,0,0,0.0,92.85714285714286,0.0,0.35332289102707753,-183.08196402409794,22526.6,22028.4,21530.2,21997.228058681874,36.26262034558018,26.223347938523165,28.062040602342773,22183.425000000003,22310.075,21913.85,22028.4,,22103.31705479374,22203.4909847825,21931.4,21659.309015217503,-101.92549044219413,-62.71031721894599,-39.215173223248144,-27.474759308839644,,21836.9203030303,22596.49396772774,22088.201202223994,21579.90843672025,-455.09999999999854,-0.42139286247856583,-2.0501523761901157,22092.693055555555,58.94439084343948,-74.11614627627267,255.0075214996539,22046.120000000003,21976.40181818182,-1.8801627265262009,-265.0960294117649,-266.02268750607254,-489.47268750607327,-1.8006646225616492,-1.3498438747578787,21831.7,21574.75
2024-02-12 00:00:00+05:30,21800.8,21831.7,21574.75,21616.05,0,0,0.0,85.71428571428572,0.0,-0.7190114808328448,-145.69430246377658,22525.65,22027.925000000003,21530.2,21927.92295710335,33.25506190040786,23.970829597029866,26.04427236264163,22181.5125,22310.075,21891.35,22028.4,,22034.71024404943,22119.042110210903,21830.16,21541.277889789097,-126.7717244215819,-75.52259865947318,-51.24912576210872,-33.48987619918427,,21712.989595959592,22552.061208896528,22043.234421059806,21534.407633223083,-506.0,-0.5126969293638726,-2.2873106244674433,22044.651388888888,56.51657521563379,-88.81141665580625,255.1463044506597,21995.52,21898.20727272727,-2.231239567554912,-323.46661764706005,-141.58373214806124,-398.533732148062,-2.0146734621218534,-1.8006646225616492,21804.45,21629.9
2024-02-09 00:00:00+05:30,21727.0,21804.45,21629.9,21782.5,0,0,28.57142857142857,78.57142857142857,28.57142857142857,0.31796046977943415,-96.16475074839212,22497.2,22013.7,21530.2,21901.48241944819,40.239773791221815,23.31798990495496,24.50405581350266,22181.5125,22310.075,21889.800000000003,22028.4,,22010.514859592073,21976.362418100623,21778.52,21580.677581899377,-131.5153923607395,-86.72115739972645,-44.794234961013046,-19.52045241755636,,21652.024646464648,22514.65537947781,22018.40257143506,21522.149763392314,-430.2000000000007,-0.6220723228335627,-1.9367298887573356,21989.286111111112,58.52456774248223,-67.11846735305623,250.37761092727695,21952.5,21859.476363636364,-1.3831018986125336,-361.38941176471053,-141.57891326976824,-316.1289132697675,-2.0619098699370193,-2.0146734621218534,22011.05,21665.3
2024-02-08 00:00:00+05:30,22009.65,22011.05,21665.3,21717.95,0,0,21.42857142857143,71.42857142857143,21.42857142857143,-0.8436731742588597,-62.076674849846654,22440.9,21985.550000000003,21530.2,21868.11288863943,38.55475317137303,22.846344324253817,23.37838794207954,22178.025,22524.45,21872.9,22028.4,,21977.881644136025,21888.75949462246,21739.96,21591.16050537754,-138.88247815511568,-97.1534215508043,-41.72905660431138,-22.89049365725395,,21633.4701010101,22504.635819527542,21989.788040822197,21474.940262116852,-499.5,-0.7215645494842542,-2.248232807995517,21927.215277777777,53.826054416253896,-75.5310830183761,257.19138436836045,21902.55,21816.830909090913,-1.5542678948221418,-353.86573529411544,97.60378862591097,-248.14621137408903,-1.72556005219991,-2.0619098699370193,22053.3,21860.15
2024-02-07 00:00:00+05:30,22045.05,22053.3,21860.15,21930.5,0,0,14.28571428571429,64.28571428571428,14.28571428571429,-0.5930623867460553,-2.0998179724364823,22440.9,21985.550000000003,21530.2,21879.455999795893,46.49913387790883,36.50679873148267,27.557044320230478,22100.175000000003,22410.5,21858.425000000003,22028.4,,21977.095396153658,21962.65274680439,21758.05,21553.44725319561,-126.11614961048326,-102.94596716274009,-23.170182447743173,-7.001732244182344,,21696.357272727273,22513.832408143964,21984.14156074389,21454.450713343816,-124.54999999999927,-0.7906103582082447,-0.5647232719943925,21874.080555555556,54.45556393448866,-47.83005343411969,262.77525358322896,21890.095,21821.91272727273,-0.6872986562416292,-297.7286764705859,137.41753310792046,-55.732466892077355,-1.1602514992901276,-1.72556005219991,21951.4,21737.55
2024-02-06 00:00:00+05:30,21825.2,21951.4,21737.55,21929.4,0,0,7.14285714285714,57.14285714285714,7.14285714285714,0.4872574234276346,-25.343379182119993,22419.55,21974.875,21530.2,21888.53672710573,46.46565121101702,42.88848342673449,34.080542160823654,22160.7125,22410.5,21799.425000000003,22028.4,,21974.753074164993,22039.475451226892,21795.280000000002,21551.084548773113,-114.76456856143704,-105.30968744247949,-9.454881118957559,-7.06869757796596,,21790.92661616162,22498.90551213025,21978.92807876828,21458.95064540631,-267.5499999999993,-0.8874196392956577,-1.2053457794877191,21833.911111111112,58.029064943211424,-47.97341326730078,259.27994686655865,21863.34,21829.05909090909,-0.7187661896759161,-254.96926470588733,33.58645694964798,-180.2635430503542,-0.762057525910481,-1.1602514992901276,21964.3,21726.95
2024-02-05 00:00:00+05:30,21921.05,21964.3,21726.95,21771.7,0,0,0.0,50.0,0.0,-0.6292395196966483,-38.61346090270861,22353.3,21941.75,21530.2,21867.293685813776,41.816761279816866,45.87713138657255,41.757471181596564,22162.1625,22410.5,21791.75,22028.4,,21961.55674238207,22001.05595500585,21826.41,21651.76404499415,-117.14307835421641,-107.67636562482689,-9.466712729389528,-16.366477440366268,,21847.417323232326,22474.857368117846,21959.192071266538,21443.52677441523,-350.5499999999993,-0.8969873186408573,-1.5846037360575858,21803.193055555555,51.534360528221626,-66.56513913886192,257.7132533232796,21828.284999999996,21812.397272727274,-1.3131028262289397,-221.00764705882466,67.35982024255281,-169.99017975744573,-0.4146915094169319,-0.762057525910481,22126.8,21805.55
2024-02-02 00:00:00+05:30,21812.75,22126.8,21805.55,21853.8,0,0,0.0,42.85714285714286,0.0,0.12778210116731292,18.70187935935272,22297.5,21913.85,21530.2,21864.84028839309,44.907119761907595,43.48529528619189,44.08363669983297,22180.675000000003,22410.5,21828.5,22027.925000000003,,21958.587843538815,22010.215033545388,21840.670000000002,21671.124966454616,-111.12233157244555,-108.36555881435062,-2.7567727580949253,-10.18576047618482,,21872.389545454545,22483.34714258281,21949.154731145914,21414.96231970902,-186.90000000000146,-0.9438696715719036,-0.8479766976547998,21795.215277777777,45.430244412789584,-55.00556173526165,264.67055779160466,21809.595,21817.036363636365,-0.9345025343790804,-169.88558823529456,236.02270306504215,-85.22729693495785,0.11038594609967534,-0.4146915094169319,21832.95,21658.75
2024-02-01 00:00:00+05:30,21780.65,21832.95,21658.75,21697.45,0,0,0.0,35.71428571428571,0.0,-0.4776119402985096,-73.24316953041232,22297.5,21913.85,21530.2,21834.405690503438,40.49587489201052,34.27703609613645,41.21315425630029,22180.675000000003,22410.5,21835.074999999997,22013.7,,21950.34848425184,22018.338243650825,21836.57,21654.801756349174,-117.61123558590043,-110.21469416866059,-7.396541417239845,-19.00825021597896,,21839.54181818182,22445.65217662254,21925.18285198916,21404.71352735578,-213.29999999999927,-0.9668800719169642,-0.9734947457298325,21794.3125,45.87651437498915,-75.5981908374671,259.6969251138919,21788.265000000003,21796.64636363636,-1.4572639519453885,-186.15352941176388,-30.209111658532493,-204.40911165853322,0.12387481975834848,0.11038594609967534,21741.35,21448.85
2024-01-31 00:00:00+05:30,21487.25,21741.35,21448.85,21725.7,0,0,0.0,100.0,0.0,0.8152136752136777,-111.12644390730053,22297.5,21873.175,21448.85,21814.64101950281,41.61190401620596,35.63998886411894,37.800773415482425,22201.4,22368.300000000003,21787.824999999997,21944.875,,21946.69594516981,21966.209699882216,21795.61,21625.010300117785,-119.10127450714208,-111.99201023635689,-7.109264270785189,-16.77619196758806,,21785.51303030303,22432.79958837278,21906.184485133053,21379.569381893325,-114.34999999999854,-0.956634555595634,-0.5235793874098207,21802.590277777777,48.73704592581021,-62.476280834914455,262.04032376419167,21776.829999999998,21785.270909090912,-1.273296456110321,-249.93147058823524,-102.17209570731939,-394.6720957073194,-0.23015049193801013,0.12387481975834848,,
